<?xml version="1.0" encoding="UTF-8"?><rss version="2.0"
	xmlns:content="http://purl.org/rss/1.0/modules/content/"
	xmlns:wfw="http://wellformedweb.org/CommentAPI/"
	xmlns:dc="http://purl.org/dc/elements/1.1/"
	xmlns:atom="http://www.w3.org/2005/Atom"
	xmlns:sy="http://purl.org/rss/1.0/modules/syndication/"
	xmlns:slash="http://purl.org/rss/1.0/modules/slash/"
	>

<channel>
	<title>Kannada MP3 Songs &#8211; KASONGS4U | Kannada A to Z Mp3 Songs Free Download</title>
	<atom:link href="/category/kannada-mp3-songs/feed/" rel="self" type="application/rss+xml" />
	<link>/</link>
	<description>Kannada A to Z Mp3 Songs Free Download, Kannada New MP3 Songs Download in High Quality ACD Rips, , Kannada Hit Songs Download</description>
	<lastBuildDate>Wed, 11 Sep 2024 07:41:18 +0000</lastBuildDate>
	<language>en-GB</language>
	<sy:updatePeriod>
	hourly	</sy:updatePeriod>
	<sy:updateFrequency>
	1	</sy:updateFrequency>
	<generator>https://wordpress.org/?v=6.6.2</generator>

<image>
	<url>/wp-content/uploads/2024/09/cropped-Picsart_24-09-06_08-30-32-031-32x32.webp</url>
	<title>Kannada MP3 Songs &#8211; KASONGS4U | Kannada A to Z Mp3 Songs Free Download</title>
	<link>/</link>
	<width>32</width>
	<height>32</height>
</image> 
	<item>
		<title>Double ISMART (Kannada) MP3 Songs Download</title>
		<link>/double-ismart-kannada-mp3-songs/</link>
					<comments>/double-ismart-kannada-mp3-songs/#respond</comments>
		
		<dc:creator><![CDATA[kannada7999]]></dc:creator>
		<pubDate>Wed, 11 Sep 2024 07:11:16 +0000</pubDate>
				<category><![CDATA[Kannada MP3 Songs]]></category>
		<category><![CDATA[320kpbs kannada songs]]></category>
		<category><![CDATA[Double ISMART 2024 film songs download]]></category>
		<category><![CDATA[Double ISMART 2024 kannada movie songs download]]></category>
		<category><![CDATA[Double ISMART kannada mp3 songs]]></category>
		<category><![CDATA[Double ISMART kannada new songs download]]></category>
		<category><![CDATA[Double ISMART kannada songs download]]></category>
		<category><![CDATA[download ismart shankar]]></category>
		<category><![CDATA[ismart mp3]]></category>
		<category><![CDATA[ismart shankar audio song download]]></category>
		<category><![CDATA[ismart shankar audio songs]]></category>
		<category><![CDATA[ismart shankar download]]></category>
		<category><![CDATA[ismart shankar download songs]]></category>
		<category><![CDATA[ismart shankar ismart title song]]></category>
		<category><![CDATA[ismart shankar movie songs download]]></category>
		<category><![CDATA[ismart shankar mp3]]></category>
		<category><![CDATA[ismart shankar mp3 download]]></category>
		<category><![CDATA[ismart shankar mp3 songs]]></category>
		<category><![CDATA[ismart shankar mp3 songs download]]></category>
		<category><![CDATA[ismart shankar music]]></category>
		<category><![CDATA[ismart shankar songs]]></category>
		<category><![CDATA[ismart shankar songs download]]></category>
		<category><![CDATA[ismart shankar songs free download]]></category>
		<category><![CDATA[ismart shankar songs in telugu download]]></category>
		<category><![CDATA[ismart shankar songs lyrics in telugu download]]></category>
		<category><![CDATA[ismart shankar songs mp3 download]]></category>
		<category><![CDATA[ismart shankar songs to download]]></category>
		<category><![CDATA[ismart shankar telugu]]></category>
		<category><![CDATA[kannada latest music]]></category>
		<category><![CDATA[kannada latest songs download]]></category>
		<category><![CDATA[kannada mp3 songs]]></category>
		<category><![CDATA[kannada songs download]]></category>
		<category><![CDATA[kasongs4u]]></category>
		<category><![CDATA[song download]]></category>
		<guid isPermaLink="false">/?p=836</guid>

					<description><![CDATA[Download Double ISMART (Kannada) MP3 Songs [Original Motion Picture Soundtrack] 01-SteppaMaar (Kannada)Mani Sharma &#38; Kaushik Harsha &#38; Sahithi Chaganti &#38; Varadaraj Chikkaballapura 02-Maar [&#8230;]]]></description>
										<content:encoded><![CDATA[
<h2 class="wp-block-heading has-text-align-center">Download <em>Double ISMART</em> (<em>Kannada</em>) <em>MP3</em> Songs [Original Motion Picture Soundtrack]</h2>



<figure class="wp-block-table">
<table class="has-fixed-layout">
<tbody>
<tr>
<td class="has-text-align-center" data-align="center"><a href="https://archive.org/download/kya-lafda-kannada-mani-sharma-chethan-kumar-meghana-joshi-varadaraj-chikkaballapura/Steppamaar%20kannada%20-%20Mani%20Sharma%20Kaushik%20Harsha%20Sahithi%20Chaganti%20Varadaraj%20Chikkaballapura.mp3" target="_blank" rel="noopener">01-SteppaMaar (Kannada)</a><br />Mani Sharma &amp; Kaushik Harsha &amp; Sahithi Chaganti &amp; Varadaraj Chikkaballapura</td>
</tr>
<tr>
<td class="has-text-align-center" data-align="center"><a href="https://archive.org/download/kya-lafda-kannada-mani-sharma-chethan-kumar-meghana-joshi-varadaraj-chikkaballapura/Maar%20Muntha%20Chod%20Chinta%20kannada%20-%20Mani%20Sharma%20Vishak%20Nagalapura%20Meghana%20Haliyal%20Varadaraj%20Chikkaballapura.mp3" target="_blank" rel="noopener">02-Maar Muntha Chod Chinta (Kannada)</a><br />Mani Sharma &amp; Vishak Nagalapura &amp; Meghana Haliyal &amp; Varadaraj Chikkaballapura</td>
</tr>
<tr>
<td class="has-text-align-center" data-align="center"><a href="https://archive.org/download/kya-lafda-kannada-mani-sharma-chethan-kumar-meghana-joshi-varadaraj-chikkaballapura/Kya%20Lafda%20kannada%20-%20Mani%20Sharma%20Chethan%20Kumar%20Meghana%20Joshi%20Varadaraj%20Chikkaballapura.mp3" target="_blank" rel="noopener">03-Kya Lafda (Kannada)</a><br />Mani Sharma &amp; Chethan Kumar &amp; Meghana Joshi &amp; Varadaraj Chikkaballapura</td>
</tr>
<tr>
<td class="has-text-align-center" data-align="center"><a href="https://archive.org/download/kya-lafda-kannada-mani-sharma-chethan-kumar-meghana-joshi-varadaraj-chikkaballapura/Big%20Bull%20kannada%20-%20Mani%20Sharma%20Guru%20Kiran%20Meghana%20Varadaraj%20Chikkaballapura.mp3" target="_blank" rel="noopener">04-Big Bull (Kannada)</a><br />Mani Sharma &amp; Guru Kiran &amp; Meghana &amp; Varadaraj Chikkaballapura</td>
</tr>
<tr>
<td class="has-text-align-center" data-align="center"><a href="https://archive.org/download/kya-lafda-kannada-mani-sharma-chethan-kumar-meghana-joshi-varadaraj-chikkaballapura/Mother%20Song%20kannada%20-%20Mani%20Sharma%20Meghana%20Joshi%20Varadaraj%20Chikkaballapura.mp3" target="_blank" rel="noopener">05-Mother Song (Kannada)</a><br />Mani Sharma &amp; Meghana Joshi &amp; Varadaraj Chikkaballapura</td>
</tr>
</tbody>
</table>
</figure>



<ul class="wp-block-list">
<li>Double ISMART kannada songs download</li>



<li>Double ISMART kannada mp3 songs download</li>



<li>Double ISMART mp3 songs download</li>



<li>Double ISMART 2024 mp3 songs download</li>



<li>Double ISMART 2024 movie songs download</li>



<li>Double ISMART kannada movie 2024 songs</li>



<li>Double ISMART kannada film songs download</li>



<li>Double ISMART new movie songs download</li>



<li>Double ISMART movie songs free download</li>



<li><a href="http://kannada7999.com/" target="_blank" rel="noopener">kannada songs download</a></li>



<li>kasongs4u</li>
</ul>
]]></content:encoded>
					
					<wfw:commentRss>/double-ismart-kannada-mp3-songs/feed/</wfw:commentRss>
			<slash:comments>0</slash:comments>
		
		<enclosure url="https://archive.org/download/kya-lafda-kannada-mani-sharma-chethan-kumar-meghana-joshi-varadaraj-chikkaballapura/Steppamaar%20kannada%20-%20Mani%20Sharma%20Kaushik%20Harsha%20Sahithi%20Chaganti%20Varadaraj%20Chikkaballapura.mp3" length="0" type="audio/mpeg" />
<enclosure url="https://archive.org/download/kya-lafda-kannada-mani-sharma-chethan-kumar-meghana-joshi-varadaraj-chikkaballapura/Maar%20Muntha%20Chod%20Chinta%20kannada%20-%20Mani%20Sharma%20Vishak%20Nagalapura%20Meghana%20Haliyal%20Varadaraj%20Chikkaballapura.mp3" length="0" type="audio/mpeg" />
<enclosure url="https://archive.org/download/kya-lafda-kannada-mani-sharma-chethan-kumar-meghana-joshi-varadaraj-chikkaballapura/Kya%20Lafda%20kannada%20-%20Mani%20Sharma%20Chethan%20Kumar%20Meghana%20Joshi%20Varadaraj%20Chikkaballapura.mp3" length="0" type="audio/mpeg" />
<enclosure url="https://archive.org/download/kya-lafda-kannada-mani-sharma-chethan-kumar-meghana-joshi-varadaraj-chikkaballapura/Big%20Bull%20kannada%20-%20Mani%20Sharma%20Guru%20Kiran%20Meghana%20Varadaraj%20Chikkaballapura.mp3" length="0" type="audio/mpeg" />
<enclosure url="https://archive.org/download/kya-lafda-kannada-mani-sharma-chethan-kumar-meghana-joshi-varadaraj-chikkaballapura/Mother%20Song%20kannada%20-%20Mani%20Sharma%20Meghana%20Joshi%20Varadaraj%20Chikkaballapura.mp3" length="0" type="audio/mpeg" />

			</item>
		<item>
		<title>Kannada Mashup Songs Download 2024</title>
		<link>/kannada-mashup-songs-download/</link>
					<comments>/kannada-mashup-songs-download/#respond</comments>
		
		<dc:creator><![CDATA[kannada7999]]></dc:creator>
		<pubDate>Wed, 11 Sep 2024 05:51:28 +0000</pubDate>
				<category><![CDATA[Kannada MP3 Songs]]></category>
		<category><![CDATA[Kannada devotional songs mashup]]></category>
		<category><![CDATA[Kannada folk songs mashup]]></category>
		<category><![CDATA[Kannada hit songs mashup]]></category>
		<category><![CDATA[Kannada love mashup old songs]]></category>
		<category><![CDATA[Kannada mashup songs]]></category>
		<category><![CDATA[kannada mashup songs 2015]]></category>
		<category><![CDATA[kannada mashup songs 2016]]></category>
		<category><![CDATA[kannada mashup songs 2017]]></category>
		<category><![CDATA[kannada mashup songs 2018 download]]></category>
		<category><![CDATA[kannada mashup songs 2022]]></category>
		<category><![CDATA[kannada mashup songs free download]]></category>
		<guid isPermaLink="false">/?p=832</guid>

					<description><![CDATA[Sandalwood Mashup Songs Download 01-Sandalwood Mast Kalandar MashupKarthik &#38; Voxo Music &#38; V. Harikrishna 02-Sonu Nigam x Golden Star Ganesh [&#8230;]]]></description>
										<content:encoded><![CDATA[
<h2 class="wp-block-heading has-text-align-center">Sandalwood Mashup Songs Download</h2>



<figure class="wp-block-table">
<table class="has-fixed-layout">
<tbody>
<tr>
<td class="has-text-align-center" data-align="center"><a href="https://archive.org/download/maleyali-jotheyali-mashup-sonu-nigam-voxo-music-v-harikrishna/Sandalwood%20Mast%20Kalandar%20Mashup%20-%20Karthik%20Voxo%20Music%20V%20Harikrishna.mp3" target="_blank" rel="noopener">01-Sandalwood Mast Kalandar Mashup</a><br />Karthik &amp; Voxo Music &amp; V. Harikrishna</td>
</tr>
<tr>
<td class="has-text-align-center" data-align="center"><a href="https://archive.org/download/maleyali-jotheyali-mashup-sonu-nigam-voxo-music-v-harikrishna/Sonu%20Nigam%20X%20Golden%20Star%20Ganesh%20Mashup%20-%20Sonu%20Nigam%20ACV%20KANNADA%20Arjun%20Janya.mp3" target="_blank" rel="noopener">02-Sonu Nigam x Golden Star Ganesh Mashup</a><br />Sonu Nigam &amp; ACV KANNADA &amp; Arjun Janya</td>
</tr>
<tr>
<td class="has-text-align-center" data-align="center"><a href="https://archive.org/download/maleyali-jotheyali-mashup-sonu-nigam-voxo-music-v-harikrishna/Maleyali%20Jotheyali%20Mashup%20-%20Sonu%20Nigam%20Voxo%20Music%20V%20Harikrishna.mp3" target="_blank" rel="noopener">03-Maleyali Jotheyali Mashup</a><br />Sonu Nigam &amp; Voxo Music &amp; V. Harikrishna</td>
</tr>
<tr>
<td class="has-text-align-center" data-align="center"><a href="https://archive.org/download/maleyali-jotheyali-mashup-sonu-nigam-voxo-music-v-harikrishna/Mungaru%20Male%20Mashup%20-%20Sonu%20Nigam%20Voxo%20Music%20Mano%20Murthy.mp3" target="_blank" rel="noopener">04-Mungaru Male Mashup</a><br />Sonu Nigam &amp; Voxo Music &amp; Mano Murthy</td>
</tr>
<tr>
<td class="has-text-align-center" data-align="center"><a href="https://archive.org/download/maleyali-jotheyali-mashup-sonu-nigam-voxo-music-v-harikrishna/Shivani%20-%20Chill%20Trap%20-%20Heart%20Killer%20Beats%20Nishan%20Rai.mp3" target="_blank" rel="noopener">05-Shivani &#8211; Chill Trap</a><br />Heart Killer Beats &amp; Nishan Rai</td>
</tr>
</tbody>
</table>
</figure>



<ul class="wp-block-list">
<li>kannada mashup songs 2022</li>



<li>kannada mashup songs 2017</li>



<li>kannada mashup songs 2015</li>



<li>kannada mashup songs 2018 download</li>



<li>kannada mashup songs 2020</li>



<li>kannada mashup songs free download</li>



<li>kannada mashup songs 2016</li>



<li>kannada mashup songs</li>



<li>kannada mashup songs download</li>



<li>kannada mashup songs mp3 download</li>



<li>Kannada devotional songs mashup</li>



<li>Kannada folk songs mashup</li>



<li>Kannada hit songs mashup</li>



<li>Kannada love mashup old songs</li>
<li><a href="/">Kannada songs download</a></li>
<li>Sandalwood dj songs download</li>
</ul>
]]></content:encoded>
					
					<wfw:commentRss>/kannada-mashup-songs-download/feed/</wfw:commentRss>
			<slash:comments>0</slash:comments>
		
		<enclosure url="https://archive.org/download/maleyali-jotheyali-mashup-sonu-nigam-voxo-music-v-harikrishna/Sandalwood%20Mast%20Kalandar%20Mashup%20-%20Karthik%20Voxo%20Music%20V%20Harikrishna.mp3" length="0" type="audio/mpeg" />
<enclosure url="https://archive.org/download/maleyali-jotheyali-mashup-sonu-nigam-voxo-music-v-harikrishna/Sonu%20Nigam%20X%20Golden%20Star%20Ganesh%20Mashup%20-%20Sonu%20Nigam%20ACV%20KANNADA%20Arjun%20Janya.mp3" length="0" type="audio/mpeg" />
<enclosure url="https://archive.org/download/maleyali-jotheyali-mashup-sonu-nigam-voxo-music-v-harikrishna/Maleyali%20Jotheyali%20Mashup%20-%20Sonu%20Nigam%20Voxo%20Music%20V%20Harikrishna.mp3" length="0" type="audio/mpeg" />
<enclosure url="https://archive.org/download/maleyali-jotheyali-mashup-sonu-nigam-voxo-music-v-harikrishna/Mungaru%20Male%20Mashup%20-%20Sonu%20Nigam%20Voxo%20Music%20Mano%20Murthy.mp3" length="0" type="audio/mpeg" />
<enclosure url="https://archive.org/download/maleyali-jotheyali-mashup-sonu-nigam-voxo-music-v-harikrishna/Shivani%20-%20Chill%20Trap%20-%20Heart%20Killer%20Beats%20Nishan%20Rai.mp3" length="0" type="audio/mpeg" />

			</item>
		<item>
		<title>Hagga Kannada MP3 Songs Download</title>
		<link>/hagga-kannada-mp3-songs/</link>
					<comments>/hagga-kannada-mp3-songs/#respond</comments>
		
		<dc:creator><![CDATA[kannada7999]]></dc:creator>
		<pubDate>Wed, 11 Sep 2024 05:08:00 +0000</pubDate>
				<category><![CDATA[Kannada MP3 Songs]]></category>
		<category><![CDATA[hagga kannada movie songs]]></category>
		<category><![CDATA[hagga kannada mp3]]></category>
		<category><![CDATA[hagga kannada mp3 download]]></category>
		<category><![CDATA[hagga kannada mp3 songs]]></category>
		<category><![CDATA[Hagga kannada mp3 songs download]]></category>
		<category><![CDATA[hagga new movie songs download]]></category>
		<category><![CDATA[kannada songs download]]></category>
		<category><![CDATA[kasongs4u]]></category>
		<guid isPermaLink="false">/?p=827</guid>

					<description><![CDATA[Hagga Kannada MP3 Songs Download (Original Motion Picture Soundtrack) 01-Haavali HaakideSonu Nigam]]></description>
										<content:encoded><![CDATA[
<h2 class="wp-block-heading has-text-align-center">Hagga Kannada MP3 Songs Download (Original Motion Picture Soundtrack)</h2>



<figure class="wp-block-table">
<table class="has-fixed-layout">
<tbody>
<tr>
<td class="has-text-align-center" data-align="center"><a href="https://archive.org/download/haavali-haakide-from-hagga-original-motion-picture-soundtrack-sonu-nigam/Haavali%20Haakide%20From%20hagga%20original%20Motion%20Picture%20Soundtrack%20-%20Sonu%20Nigam.mp3" data-type="link" data-id="https://archive.org/download/haavali-haakide-from-hagga-original-motion-picture-soundtrack-sonu-nigam/Haavali%20Haakide%20From%20hagga%20original%20Motion%20Picture%20Soundtrack%20-%20Sonu%20Nigam.mp3" target="_blank" rel="noopener">01-Haavali Haakide</a><br />Sonu Nigam</td>
</tr>
</tbody>
</table>
</figure>



<ul class="wp-block-list">
<li>Hagga mp3 songs download</li>



<li>Hagga kannada mp3 songs download</li>



<li>hagga kannada mp3 songs</li>



<li>hagga kannada songs download</li>



<li>hagga kannada songs</li>



<li>kannada mp3 songs download</li>



<li>2024 kannada mp3 songs download</li>



<li>hagga 2024 movie songs download</li>



<li>kannada latest songs free download</li>



<li>kasongs4u</li>
</ul>
]]></content:encoded>
					
					<wfw:commentRss>/hagga-kannada-mp3-songs/feed/</wfw:commentRss>
			<slash:comments>0</slash:comments>
		
		<enclosure url="https://archive.org/download/haavali-haakide-from-hagga-original-motion-picture-soundtrack-sonu-nigam/Haavali%20Haakide%20From%20hagga%20original%20Motion%20Picture%20Soundtrack%20-%20Sonu%20Nigam.mp3" length="0" type="audio/mpeg" />

			</item>
		<item>
		<title>Bhairadevi MP3 Songs Download 2024</title>
		<link>/bhairadevi-mp3-songs-download-2024/</link>
					<comments>/bhairadevi-mp3-songs-download-2024/#respond</comments>
		
		<dc:creator><![CDATA[kannada7999]]></dc:creator>
		<pubDate>Tue, 10 Sep 2024 12:05:54 +0000</pubDate>
				<category><![CDATA[Kannada MP3 Songs]]></category>
		<guid isPermaLink="false">/?p=817</guid>

					<description><![CDATA[Bhairadevi MP3 Songs Download in 320kpbs: 01-Kali Amma BaaMalathi &#38; K.K. Senthil Prasath &#38; Shrijai]]></description>
										<content:encoded><![CDATA[
<h2 class="wp-block-heading has-text-align-center">Bhairadevi MP3 Songs Download in 320kpbs:</h2>



<figure class="wp-block-table">
<table class="has-fixed-layout">
<tbody>
<tr>
<td class="has-text-align-center" data-align="center"><a href="https://archive.org/download/kali-amma-baa-from-bhairadevi-malathi-kk-senthil-prasath-shrijai/Kali%20Amma%20Baa%20from%20bhairadevi%20-%20Malathi%20KK%20Senthil%20Prasath%20Shrijai.mp3" data-type="link" data-id="https://archive.org/download/kali-amma-baa-from-bhairadevi-malathi-kk-senthil-prasath-shrijai/Kali%20Amma%20Baa%20from%20bhairadevi%20-%20Malathi%20KK%20Senthil%20Prasath%20Shrijai.mp3" target="_blank" rel="noopener">01-Kali Amma Baa</a><br />Malathi &amp; K.K. Senthil Prasath &amp; Shrijai</td>
</tr>
</tbody>
</table>
</figure>



<ul class="wp-block-list">
<li>Kali Amma Baa mp3 song download</li>



<li>Kali Amma Baa song download</li>



<li>Kali Amma Baa kannada song download</li>



<li>Kali Amma Baa god song download</li>



<li>Bhairadevi movie song download</li>



<li>Bhairadevi kannada movie song download</li>



<li>Bhairadevi kannada mp3 download</li>



<li>Kali Amma Baa movie songs</li>



<li>Kali Amma Baa movie mp3 songs</li>



<li>Kali Amma Baa 2024 songs download</li>



<li>Kali Amma Baa 2024 mp3 download</li>



<li><a href="/hindi-mp3-songs/">kasongs4u</a></li>


</ul>
]]></content:encoded>
					
					<wfw:commentRss>/bhairadevi-mp3-songs-download-2024/feed/</wfw:commentRss>
			<slash:comments>0</slash:comments>
		
		<enclosure url="https://archive.org/download/kali-amma-baa-from-bhairadevi-malathi-kk-senthil-prasath-shrijai/Kali%20Amma%20Baa%20from%20bhairadevi%20-%20Malathi%20KK%20Senthil%20Prasath%20Shrijai.mp3" length="0" type="audio/mpeg" />

			</item>
		<item>
		<title>A Day In Dollarspete MP3 Songs Download 2024</title>
		<link>/a-day-in-dollarspete-mp3-songs-download/</link>
					<comments>/a-day-in-dollarspete-mp3-songs-download/#respond</comments>
		
		<dc:creator><![CDATA[kannada7999]]></dc:creator>
		<pubDate>Mon, 09 Sep 2024 18:16:42 +0000</pubDate>
				<category><![CDATA[Kannada MP3 Songs]]></category>
		<category><![CDATA[A Day In Dollarspete 2024 songs]]></category>
		<category><![CDATA[A Day In Dollarspete 2024 songs download]]></category>
		<category><![CDATA[A Day In Dollarspete kannada songs]]></category>
		<category><![CDATA[A Day In Dollarspete kannada songs download]]></category>
		<category><![CDATA[A Day In Dollarspete mp3 songs]]></category>
		<category><![CDATA[A Day In Dollarspete mp3 songs download]]></category>
		<category><![CDATA[A Day In Dollarspete songs download]]></category>
		<category><![CDATA[kannada songs download]]></category>
		<category><![CDATA[kasongs4u]]></category>
		<guid isPermaLink="false">/?p=786</guid>

					<description><![CDATA[Download A Day In Dollarspete MP3 Songs in 320kpbs: 01-Baby Paisa Lootu HaiUsha Uthup &#38; Suraj Jois &#38; Sanjay Malavalli [&#8230;]]]></description>
										<content:encoded><![CDATA[
<h2 class="wp-block-heading has-text-align-center">Download A Day In Dollarspete MP3 Songs in 320kpbs:</h2>



<figure class="wp-block-table">
<table class="has-fixed-layout">
<tbody>
<tr>
<td class="has-text-align-center" data-align="center"><a href="https://archive.org/download/baby-paisa-lootu-hai-from-a-day-in-dollarspete-usha-uthup-suraj-jois-sanjay-malavalli/Baby%20Paisa%20Lootu%20Hai%20from%20a%20Day%20In%20Dollarspete%20-%20Usha%20Uthup%20Suraj%20Jois%20Sanjay%20Malavalli.mp3" target="_blank" rel="noopener">01-Baby Paisa Lootu Hai</a><br />Usha Uthup &amp; Suraj Jois &amp; Sanjay Malavalli</td>
</tr>
<tr>
<td class="has-text-align-center" data-align="center"><a href="https://archive.org/download/baby-paisa-lootu-hai-from-a-day-in-dollarspete-usha-uthup-suraj-jois-sanjay-malavalli/Rage%20Of%20Dollarspete%20from%20a%20Day%20In%20Dollarspete%20-%20Suraj%20Jois%20Vinitha%20V%20Banavar.mp3" target="_blank" rel="noopener">02-Rage Of Dollarspete</a><br />Suraj Jois &amp; Vinitha V Banavar</td>
</tr>
<tr>
<td class="has-text-align-center" data-align="center"><a href="https://archive.org/download/baby-paisa-lootu-hai-from-a-day-in-dollarspete-usha-uthup-suraj-jois-sanjay-malavalli/Daari%20Nooraaru%20from%20a%20Day%20In%20Dollarspete%20-%20Suraj%20Jois%20Anuram.mp3" target="_blank" rel="noopener">03-Daari Nooraaru</a><br />Suraj Jois &amp; Anuram</td>
</tr>
</tbody>
</table>
<figcaption class="wp-element-caption">Search Terms:</figcaption>
</figure>



<ul class="wp-block-list">
<li>A Day In DOLLARSPETE mp3 songs download</li>



<li>A Day In Dollarspete mp3 songs</li>



<li>A Day In Dollarspete kannada songs download</li>



<li>A Day In Dollarspete kannada mp3 download</li>



<li>A Day In Dollarspete kannada mpvie songs download</li>



<li>A Day In Dollarspete 2024 songs download</li>



<li>A Day In Dollarspete 2024 mp3 download</li>



<li>A Day In Dollarspete kannada 2024 movie</li>



<li>A Day In Dollarspete fil song download</li>



<li>Kannada songs download</li>



<li><a href="/">kasongs4u</a></li>
</ul>
]]></content:encoded>
					
					<wfw:commentRss>/a-day-in-dollarspete-mp3-songs-download/feed/</wfw:commentRss>
			<slash:comments>0</slash:comments>
		
		<enclosure url="https://archive.org/download/baby-paisa-lootu-hai-from-a-day-in-dollarspete-usha-uthup-suraj-jois-sanjay-malavalli/Baby%20Paisa%20Lootu%20Hai%20from%20a%20Day%20In%20Dollarspete%20-%20Usha%20Uthup%20Suraj%20Jois%20Sanjay%20Malavalli.mp3" length="0" type="audio/mpeg" />
<enclosure url="https://archive.org/download/baby-paisa-lootu-hai-from-a-day-in-dollarspete-usha-uthup-suraj-jois-sanjay-malavalli/Rage%20Of%20Dollarspete%20from%20a%20Day%20In%20Dollarspete%20-%20Suraj%20Jois%20Vinitha%20V%20Banavar.mp3" length="0" type="audio/mpeg" />
<enclosure url="https://archive.org/download/baby-paisa-lootu-hai-from-a-day-in-dollarspete-usha-uthup-suraj-jois-sanjay-malavalli/Daari%20Nooraaru%20from%20a%20Day%20In%20Dollarspete%20-%20Suraj%20Jois%20Anuram.mp3" length="0" type="audio/mpeg" />

			</item>
		<item>
		<title>Interval MP3 Songs Download 2024</title>
		<link>/interval-mp3-songs-download/</link>
					<comments>/interval-mp3-songs-download/#respond</comments>
		
		<dc:creator><![CDATA[kannada7999]]></dc:creator>
		<pubDate>Mon, 09 Sep 2024 18:00:10 +0000</pubDate>
				<category><![CDATA[Kannada MP3 Songs]]></category>
		<category><![CDATA[Bappa Bappa Moreya songs download]]></category>
		<category><![CDATA[ganesha songs download]]></category>
		<category><![CDATA[interval kannada mp3 songs download]]></category>
		<category><![CDATA[interval kannada songs]]></category>
		<category><![CDATA[interval mp3 songs download]]></category>
		<category><![CDATA[interval songs download]]></category>
		<category><![CDATA[kannada songs download]]></category>
		<category><![CDATA[kasongs4u]]></category>
		<guid isPermaLink="false">/?p=782</guid>

					<description><![CDATA[Download Interval MP3 Songs in 320kpbs: 01-Bappa Bappa MoreyaChandan Shetty &#38; Vikas Vasishta &#38; Vijay Eshwar Search Terms:]]></description>
										<content:encoded><![CDATA[
<h2 class="wp-block-heading has-text-align-center">Download Interval MP3 Songs in 320kpbs:</h2>



<figure class="wp-block-table">
<table class="has-fixed-layout">
<tbody>
<tr>
<td class="has-text-align-center" data-align="center"><a href="https://archive.org/download/bappa-bappa-moreya-from-interval-chandan-shetty-vikas-vasishta-vijay-eshwar/Bappa%20Bappa%20Moreya%20from%20interval%20-%20Chandan%20Shetty%20Vikas%20Vasishta%20Vijay%20Eshwar.mp3" data-type="link" data-id="https://archive.org/download/bappa-bappa-moreya-from-interval-chandan-shetty-vikas-vasishta-vijay-eshwar/Bappa%20Bappa%20Moreya%20from%20interval%20-%20Chandan%20Shetty%20Vikas%20Vasishta%20Vijay%20Eshwar.mp3" target="_blank" rel="noopener">01-Bappa Bappa Moreya</a><br />Chandan Shetty &amp; Vikas Vasishta &amp; Vijay Eshwar</td>
</tr>
</tbody>
</table>
<figcaption class="wp-element-caption">Search Terms:</figcaption>
</figure>



<ul class="wp-block-list">
<li>interval kannada mp3 songs download</li>



<li>interval mp3 songs download</li>



<li>interval mp3 songs</li>



<li>interval kannada mp3 songs download</li>



<li>interval kannada movie songs download</li>



<li>Bappa Bappa Moreya mp3 song</li>



<li>Bappa Bappa Moreya song download</li>



<li>kannada mp3 songs download</li>



<li>kasongs4u</li>
</ul>
]]></content:encoded>
					
					<wfw:commentRss>/interval-mp3-songs-download/feed/</wfw:commentRss>
			<slash:comments>0</slash:comments>
		
		<enclosure url="https://archive.org/download/bappa-bappa-moreya-from-interval-chandan-shetty-vikas-vasishta-vijay-eshwar/Bappa%20Bappa%20Moreya%20from%20interval%20-%20Chandan%20Shetty%20Vikas%20Vasishta%20Vijay%20Eshwar.mp3" length="0" type="audio/mpeg" />

			</item>
		<item>
		<title>Ronny MP3 Songs Download 2024</title>
		<link>/ronny-mp3-songs-download/</link>
					<comments>/ronny-mp3-songs-download/#respond</comments>
		
		<dc:creator><![CDATA[kannada7999]]></dc:creator>
		<pubDate>Sat, 07 Sep 2024 06:18:18 +0000</pubDate>
				<category><![CDATA[Kannada MP3 Songs]]></category>
		<category><![CDATA[kannada songs download]]></category>
		<category><![CDATA[kasongs4u]]></category>
		<category><![CDATA[Ronny kannada movie songs download]]></category>
		<category><![CDATA[Ronny kannada songs]]></category>
		<category><![CDATA[Ronny mp3 download]]></category>
		<category><![CDATA[Ronny mp3 songs]]></category>
		<category><![CDATA[Ronny mp3 songs download]]></category>
		<category><![CDATA[Ronny songs download]]></category>
		<guid isPermaLink="false">/?p=774</guid>

					<description><![CDATA[Download Ronny MP3 Songs In 320kpbs: 01-Kole KoleVinayak Tukarama Kottary &#38; Mohan Kumar N 02-NeenendareRakshita Suresh 03-HavamaanaveKunal Ganjawala &#38; Hamsika [&#8230;]]]></description>
										<content:encoded><![CDATA[
<h2 class="wp-block-heading has-text-align-center">Download Ronny MP3 Songs In 320kpbs:</h2>



<figure class="wp-block-table">
<table class="has-fixed-layout">
<tbody>
<tr>
<td class="has-text-align-center" data-align="center"><a href="https://archive.org/download/kole-kole-from-ronny-the-ruler-vinayak-tukarama-kottary-mohan-kumar-n_202409/Kole%20Kole%20from%20ronny%20-%20The%20Ruler%20-%20Vinayak%20Tukarama%20Kottary%20Mohan%20Kumar%20N.mp3" data-type="link" data-id="https://archive.org/download/kole-kole-from-ronny-the-ruler-vinayak-tukarama-kottary-mohan-kumar-n_202409/Kole%20Kole%20from%20ronny%20-%20The%20Ruler%20-%20Vinayak%20Tukarama%20Kottary%20Mohan%20Kumar%20N.mp3" target="_blank" rel="noopener">01-Kole Kole</a><br />Vinayak Tukarama Kottary &amp; Mohan Kumar N</td>
</tr>
<tr>
<td class="has-text-align-center" data-align="center"><a href="https://archive.org/download/kole-kole-from-ronny-the-ruler-vinayak-tukarama-kottary-mohan-kumar-n_202409/Neenendare%20from%20ronny%20-%20The%20Ruler%20-%20Rakshita%20Suresh.mp3" data-type="link" data-id="https://archive.org/download/kole-kole-from-ronny-the-ruler-vinayak-tukarama-kottary-mohan-kumar-n_202409/Neenendare%20from%20ronny%20-%20The%20Ruler%20-%20Rakshita%20Suresh.mp3" target="_blank" rel="noopener">02-Neenendare</a><br />Rakshita Suresh</td>
</tr>
<tr>
<td class="has-text-align-center" data-align="center"><a href="https://archive.org/download/kole-kole-from-ronny-the-ruler-vinayak-tukarama-kottary-mohan-kumar-n_202409/Havamaanave%20from%20ronny%20-%20The%20Ruler%20-%20Kunal%20Ganjawala%20Hamsika%20Iyer%20Kadri%20Mani%20Kanth.mp3" data-type="link" data-id="https://archive.org/download/kole-kole-from-ronny-the-ruler-vinayak-tukarama-kottary-mohan-kumar-n_202409/Havamaanave%20from%20ronny%20-%20The%20Ruler%20-%20Kunal%20Ganjawala%20Hamsika%20Iyer%20Kadri%20Mani%20Kanth.mp3" target="_blank" rel="noopener">03-Havamaanave</a><br />Kunal Ganjawala &amp; Hamsika Iyer &amp; Kadri Mani Kanth</td>
</tr>
<tr>
<td class="has-text-align-center" data-align="center"><a href="https://archive.org/download/ronny-title-track-from-ronny-the-ruler-sachin-basrur-prithvi-bhat/Ronny%20Title%20Track%20from%20ronny%20-%20The%20Ruler%20-%20Sachin%20Basrur%20Prithvi%20Bhat.mp3" target="_blank" rel="noopener">04-Ronny Title Track</a><br />Sachin Basrur &amp; Prithvi Bhat</td>
</tr>
</tbody>
</table>
</figure>



<p>Search Terms:</p>



<ul class="wp-block-list">
<li>Ronny mp3 songs download</li>



<li>Ronny mp3 songs</li>



<li>Ronny kannada songs</li>



<li>Ronny new songs download</li>



<li>kannada movie Ronny songs</li>



<li>Ronny 2024 mp3 songs download</li>



<li>Ronny 2024 songs download</li>



<li>kannada mp3 songs download</li>



<li>kasongs4u</li>
</ul>
]]></content:encoded>
					
					<wfw:commentRss>/ronny-mp3-songs-download/feed/</wfw:commentRss>
			<slash:comments>0</slash:comments>
		
		<enclosure url="https://archive.org/download/kole-kole-from-ronny-the-ruler-vinayak-tukarama-kottary-mohan-kumar-n_202409/Kole%20Kole%20from%20ronny%20-%20The%20Ruler%20-%20Vinayak%20Tukarama%20Kottary%20Mohan%20Kumar%20N.mp3" length="0" type="audio/mpeg" />
<enclosure url="https://archive.org/download/kole-kole-from-ronny-the-ruler-vinayak-tukarama-kottary-mohan-kumar-n_202409/Neenendare%20from%20ronny%20-%20The%20Ruler%20-%20Rakshita%20Suresh.mp3" length="0" type="audio/mpeg" />
<enclosure url="https://archive.org/download/kole-kole-from-ronny-the-ruler-vinayak-tukarama-kottary-mohan-kumar-n_202409/Havamaanave%20from%20ronny%20-%20The%20Ruler%20-%20Kunal%20Ganjawala%20Hamsika%20Iyer%20Kadri%20Mani%20Kanth.mp3" length="0" type="audio/mpeg" />
<enclosure url="https://archive.org/download/ronny-title-track-from-ronny-the-ruler-sachin-basrur-prithvi-bhat/Ronny%20Title%20Track%20from%20ronny%20-%20The%20Ruler%20-%20Sachin%20Basrur%20Prithvi%20Bhat.mp3" length="0" type="audio/mpeg" />

			</item>
		<item>
		<title>Kaalapatthar Kannada MP3 Songs Download</title>
		<link>/kaalapatthar-kannada-mp3-songs/</link>
					<comments>/kaalapatthar-kannada-mp3-songs/#respond</comments>
		
		<dc:creator><![CDATA[kannada7999]]></dc:creator>
		<pubDate>Sat, 07 Sep 2024 04:50:04 +0000</pubDate>
				<category><![CDATA[Kannada MP3 Songs]]></category>
		<category><![CDATA[Kaalapatthar kannada mp3 songs download]]></category>
		<category><![CDATA[Kaalapatthar kannada songs download]]></category>
		<category><![CDATA[Kaalapatthar movie songs download]]></category>
		<category><![CDATA[Kaalapatthar mp3 songs]]></category>
		<category><![CDATA[Kaalapatthar songs download]]></category>
		<category><![CDATA[kannada latest songs download kannada mp3 download]]></category>
		<category><![CDATA[kannada mp3 songs download]]></category>
		<category><![CDATA[kasings]]></category>
		<guid isPermaLink="false">/?p=539</guid>

					<description><![CDATA[Download Kaalapatthar Kannada MP3 Songs in 320kpbs: 01-Baandli Stove-UVijay Prakash &#38; Pramod Maravanthe &#38; J. Anoop Seelin 02-Nanna VihaaraSai Vignesh [&#8230;]]]></description>
										<content:encoded><![CDATA[<h2 style="text-align: center;">Download Kaalapatthar Kannada MP3 Songs in 320kpbs:</h2>

<figure class="wp-block-table">
<table class="has-fixed-layout">
<tbody>
<tr>
<td class="has-text-align-center" data-align="center"><a href="https://archive.org/download/baandli-stove-u-from-kaalapatthar-vijay-prakash-pramod-maravanthe-j-anoop-seelin_202408/Baandli%20Stove-u%20-%20From%20kaalapatthar%20-%20Vijay%20Prakash%20Pramod%20Maravanthe%20J%20Anoop%20Seelin.mp3" data-type="link" data-id="https://archive.org/download/baandli-stove-u-from-kaalapatthar-vijay-prakash-pramod-maravanthe-j-anoop-seelin_202408/Baandli%20Stove-u%20-%20From%20kaalapatthar%20-%20Vijay%20Prakash%20Pramod%20Maravanthe%20J%20Anoop%20Seelin.mp3" target="_blank" rel="noopener">01-Baandli Stove-U</a><br />Vijay Prakash &amp; Pramod Maravanthe &amp; J. Anoop Seelin</td>
</tr>
<tr>
<td class="has-text-align-center" data-align="center"><a href="https://archive.org/download/nanna-vihaara-from-kaalapatthar-original-motion-picture-soundtrack-sai-vignesh-aishwarya-rangarajan/Nanna%20Vihaara%20from%20kaalapatthar%20original%20Motion%20Picture%20Soundtrack%20-%20Sai%20Vignesh%20Aishwarya%20Rangarajan.mp3" target="_blank" rel="noopener">02-Nanna Vihaara</a><br />Sai Vignesh &amp; Aishwarya Rangarajan</td>
</tr>
</tbody>
</table>
</figure>



<p>Search Terms:</p>



<ul class="wp-block-list">
<li>Kaalapatthar kannada mp3 songs download</li>



<li>Kaalapatthar kannada mp3 songs</li>



<li>Kaalapatthar kannada mp3</li>



<li>Kaalapatthar kannada songs download</li>



<li>Kaalapatthar kannada songs</li>



<li>Kaalapatthar kannada movie songs download</li>



<li>Vijay Prakash &amp; Pramod Maravanthe &amp; J. Anoop Seelin</li>



<li>Baandli Stove-u song download</li>



<li>Kaalapatthar kannada mivie songs</li>



<li>Kaalapatthar kannada film song download</li>



<li>kannada mp3 songs download</li>



<li>kannada latest songs download</li>



<li><a href="/" data-type="link" data-id="/">kasongs4u</a></li>



<li>kannada songs download 320kpbs</li>
<li>Nanna vihara mp3 song download</li>
<li>Nanna vihara song download</li>
</ul>
]]></content:encoded>
					
					<wfw:commentRss>/kaalapatthar-kannada-mp3-songs/feed/</wfw:commentRss>
			<slash:comments>0</slash:comments>
		
		<enclosure url="https://archive.org/download/baandli-stove-u-from-kaalapatthar-vijay-prakash-pramod-maravanthe-j-anoop-seelin_202408/Baandli%20Stove-u%20-%20From%20kaalapatthar%20-%20Vijay%20Prakash%20Pramod%20Maravanthe%20J%20Anoop%20Seelin.mp3" length="0" type="audio/mpeg" />
<enclosure url="https://archive.org/download/nanna-vihaara-from-kaalapatthar-original-motion-picture-soundtrack-sai-vignesh-aishwarya-rangarajan/Nanna%20Vihaara%20from%20kaalapatthar%20original%20Motion%20Picture%20Soundtrack%20-%20Sai%20Vignesh%20Aishwarya%20Rangarajan.mp3" length="0" type="audio/mpeg" />

			</item>
		<item>
		<title>Prema Kavya MP3 Songs Download 2024</title>
		<link>/prema-kavya-mp3-songs/</link>
					<comments>/prema-kavya-mp3-songs/#respond</comments>
		
		<dc:creator><![CDATA[kannada7999]]></dc:creator>
		<pubDate>Fri, 06 Sep 2024 11:21:19 +0000</pubDate>
				<category><![CDATA[Kannada MP3 Songs]]></category>
		<category><![CDATA[kannada songs download]]></category>
		<category><![CDATA[kasongs4u]]></category>
		<category><![CDATA[prema Kavya mp3 songs download]]></category>
		<category><![CDATA[song download]]></category>
		<guid isPermaLink="false">/?p=765</guid>

					<description><![CDATA[Download Prema Kavya MP3 Songs in 320kpbs: 01-Ninna BittuSupreeth Phalguna &#38; Murthy TM &#38; M M Mohan Search Terms:]]></description>
										<content:encoded><![CDATA[
<h2 class="wp-block-heading has-text-align-center">Download Prema Kavya MP3 Songs in 320kpbs:</h2>



<figure class="wp-block-table">
<table class="has-fixed-layout">
<tbody>
<tr>
<td class="has-text-align-center" data-align="center"><a href="https://archive.org/download/ninna-bittu-from-prema-kavya-supreeth-phalguna-murthy-tm-m-m-mohan/Ninna%20Bittu%20-%20From%20prema%20Kavya%20-%20Supreeth%20Phalguna%20Murthy%20Tm%20M%20M%20Mohan.mp3" data-type="link" data-id="https://archive.org/download/ninna-bittu-from-prema-kavya-supreeth-phalguna-murthy-tm-m-m-mohan/Ninna%20Bittu%20-%20From%20prema%20Kavya%20-%20Supreeth%20Phalguna%20Murthy%20Tm%20M%20M%20Mohan.mp3" target="_blank" rel="noopener">01-Ninna Bittu</a><br />Supreeth Phalguna &amp; Murthy TM &amp; M M Mohan</td>
</tr>
</tbody>
</table>
</figure>



<p>Search Terms:</p>



<ul class="wp-block-list">
<li>prema Kavya mp3 songs download</li>



<li>prema Kavya 2024 mp3 songs</li>



<li>prema Kavya mp3 download</li>



<li>kannada songs mp3 download</li>



<li>kasongs4u</li>
</ul>
]]></content:encoded>
					
					<wfw:commentRss>/prema-kavya-mp3-songs/feed/</wfw:commentRss>
			<slash:comments>0</slash:comments>
		
		<enclosure url="https://archive.org/download/ninna-bittu-from-prema-kavya-supreeth-phalguna-murthy-tm-m-m-mohan/Ninna%20Bittu%20-%20From%20prema%20Kavya%20-%20Supreeth%20Phalguna%20Murthy%20Tm%20M%20M%20Mohan.mp3" length="0" type="audio/mpeg" />

			</item>
		<item>
		<title>Yello Jogappa Ninnaramane MP3 Songs Download 2024</title>
		<link>/yello-jogappa-ninnaramane-mp3-songs/</link>
					<comments>/yello-jogappa-ninnaramane-mp3-songs/#respond</comments>
		
		<dc:creator><![CDATA[kannada7999]]></dc:creator>
		<pubDate>Thu, 05 Sep 2024 11:57:42 +0000</pubDate>
				<category><![CDATA[Kannada MP3 Songs]]></category>
		<category><![CDATA[320kpbs kannada songs]]></category>
		<category><![CDATA[kannada latest music]]></category>
		<category><![CDATA[kannada mp3 songs]]></category>
		<category><![CDATA[yello Jogappa Ninnaramane movie songs download]]></category>
		<category><![CDATA[yello Jogappa Ninnaramane mp3 download 2024]]></category>
		<category><![CDATA[yello Jogappa Ninnaramane mp3 songs]]></category>
		<category><![CDATA[yello Jogappa Ninnaramane mp3 songs download]]></category>
		<category><![CDATA[yello Jogappa Ninnaramane songs download]]></category>
		<guid isPermaLink="false">/?p=751</guid>

					<description><![CDATA[Download Yello Jogappa Ninnaramane MP3 Songs in 320kpbs: 01-Houdda HuliyaSHIOM &#38; Ravindra Soragavi &#38; Vishak Nagalapura &#38; Ravindra Muddi Search [&#8230;]]]></description>
										<content:encoded><![CDATA[
<h2 class="wp-block-heading has-text-align-center">Download Yello Jogappa Ninnaramane MP3 Songs in 320kpbs:</h2>



<figure class="wp-block-table">
<table class="has-fixed-layout">
<tbody>
<tr>
<td class="has-text-align-center" data-align="center"><a href="https://archive.org/download/houdda-huliya-from-yello-jogappa-ninnaramane-shiom-ravindra-soragavi-vishak-naga/Houdda%20Huliya%20from%20yello%20Jogappa%20Ninnaramane%20-%20Shiom%20Ravindra%20Soragavi%20Vishak%20Nagalapura%20Ravindra%20Muddi.mp3" data-type="link" data-id="https://archive.org/download/houdda-huliya-from-yello-jogappa-ninnaramane-shiom-ravindra-soragavi-vishak-naga/Houdda%20Huliya%20from%20yello%20Jogappa%20Ninnaramane%20-%20Shiom%20Ravindra%20Soragavi%20Vishak%20Nagalapura%20Ravindra%20Muddi.mp3" target="_blank" rel="noopener">01-Houdda Huliya</a><br />SHIOM &amp; Ravindra Soragavi &amp; Vishak Nagalapura &amp; Ravindra Muddi</td>
</tr>
</tbody>
</table>
</figure>



<p>Search Terms:</p>



<ul class="wp-block-list">
<li>yello Jogappa Ninnaramane mp3 songs</li>



<li>yello Jogappa Ninnaramane mp3 songs download</li>



<li>yello Jogappa Ninnaramane songs download</li>



<li>yello Jogappa Ninnaramane 2024 songs download</li>



<li>Houdda Huliya mp3 song download</li>



<li>Houdda Huliya song download</li>



<li>yello Jogappa Ninnaramane film songs</li>



<li><a href="http://Kannada7999.com/" target="_blank" rel="noopener">kasongs4u</a></li>



<li>kannada mp3 songs download</li>



<li>kannada songs download</li>
</ul>
]]></content:encoded>
					
					<wfw:commentRss>/yello-jogappa-ninnaramane-mp3-songs/feed/</wfw:commentRss>
			<slash:comments>0</slash:comments>
		
		<enclosure url="https://archive.org/download/houdda-huliya-from-yello-jogappa-ninnaramane-shiom-ravindra-soragavi-vishak-naga/Houdda%20Huliya%20from%20yello%20Jogappa%20Ninnaramane%20-%20Shiom%20Ravindra%20Soragavi%20Vishak%20Nagalapura%20Ravindra%20Muddi.mp3" length="0" type="audio/mpeg" />

			</item>
	</channel>
</rss>
