<?xml version="1.0" encoding="UTF-8"?><rss version="2.0"
	xmlns:content="http://purl.org/rss/1.0/modules/content/"
	xmlns:wfw="http://wellformedweb.org/CommentAPI/"
	xmlns:dc="http://purl.org/dc/elements/1.1/"
	xmlns:atom="http://www.w3.org/2005/Atom"
	xmlns:sy="http://purl.org/rss/1.0/modules/syndication/"
	xmlns:slash="http://purl.org/rss/1.0/modules/slash/"
	>

<channel>
	<title>Hindi MP3 Songs &#8211; KASONGS4U | Kannada A to Z Mp3 Songs Free Download</title>
	<atom:link href="/category/hindi-mp3-songs/feed/" rel="self" type="application/rss+xml" />
	<link>/</link>
	<description>Kannada A to Z Mp3 Songs Free Download, Kannada New MP3 Songs Download in High Quality ACD Rips, , Kannada Hit Songs Download</description>
	<lastBuildDate>Tue, 10 Sep 2024 16:36:14 +0000</lastBuildDate>
	<language>en-GB</language>
	<sy:updatePeriod>
	hourly	</sy:updatePeriod>
	<sy:updateFrequency>
	1	</sy:updateFrequency>
	<generator>https://wordpress.org/?v=6.6.2</generator>

<image>
	<url>/wp-content/uploads/2024/09/cropped-Picsart_24-09-06_08-30-32-031-32x32.webp</url>
	<title>Hindi MP3 Songs &#8211; KASONGS4U | Kannada A to Z Mp3 Songs Free Download</title>
	<link>/</link>
	<width>32</width>
	<height>32</height>
</image> 
	<item>
		<title>Kahan Shuru Kahan Khatam MP3 Songs Download 2024</title>
		<link>/kahan-shuru-kahan-khatam-mp3-songs-download/</link>
					<comments>/kahan-shuru-kahan-khatam-mp3-songs-download/#respond</comments>
		
		<dc:creator><![CDATA[kannada7999]]></dc:creator>
		<pubDate>Tue, 10 Sep 2024 16:33:39 +0000</pubDate>
				<category><![CDATA[Hindi MP3 Songs]]></category>
		<category><![CDATA[hindi]]></category>
		<category><![CDATA[hindi gana]]></category>
		<category><![CDATA[Hindi mp3 songs]]></category>
		<category><![CDATA[hindi song]]></category>
		<category><![CDATA[hindi song download]]></category>
		<category><![CDATA[hindi song hindi song]]></category>
		<category><![CDATA[hindi to telugu]]></category>
		<category><![CDATA[Kahan Shuru Kahan Khatam hindi songs download]]></category>
		<category><![CDATA[Kahan Shuru Kahan Khatam mp3 download]]></category>
		<category><![CDATA[Kahan Shuru Kahan Khatam mp3 songs]]></category>
		<category><![CDATA[Kahan Shuru Kahan Khatam songs]]></category>
		<category><![CDATA[Kahan Shuru Kahan Khatam songs download]]></category>
		<guid isPermaLink="false">/?p=747</guid>

					<description><![CDATA[Download Kahan Shuru Kahan Khatam MP3 Songs In 320kpbs: 01-Ishq De ShotDhvani Bhanushali &#38; IP Singh &#38; Akshay &#38; IP [&#8230;]]]></description>
										<content:encoded><![CDATA[
<h2 class="wp-block-heading has-text-align-center">Download Kahan Shuru Kahan Khatam MP3 Songs In 320kpbs:</h2>



<figure class="wp-block-table">
<table class="has-fixed-layout">
<tbody>
<tr>
<td class="has-text-align-center" data-align="center"><a href="https://archive.org/download/ek-ladki-bheegi-bhagi-si-from-kahan-shuru-kahan-khatam-shashwat-singh-ip-singh-a/Ishq%20De%20Shot%20from%20kahan%20Shuru%20Kahan%20Khatam%20-%20Dhvani%20Bhanushali%20Ip%20Singh%20Akshay%20Ip.mp3" target="_blank" rel="noopener">01-Ishq De Shot</a><br />Dhvani Bhanushali &amp; IP Singh &amp; Akshay &amp; IP</td>
</tr>
<tr>
<td class="has-text-align-center" data-align="center"><a href="https://archive.org/download/ek-ladki-bheegi-bhagi-si-from-kahan-shuru-kahan-khatam-shashwat-singh-ip-singh-a/Ek%20Ladki%20Bheegi%20Bhagi%20Si%20from%20kahan%20Shuru%20Kahan%20Khatam%20-%20Shashwat%20Singh%20Ip%20Singh%20Akshay%20Ip%20Kishore%20Kumar%20S%20D%20Burman%20Majrooh%20Sultanpuri.mp3" target="_blank" rel="noopener">02-Ek Ladki Bheegi Bhagi Si</a><br />Shashwat Singh &amp; IP Singh &amp; Akshay &amp; IP &amp; Kishore Kumar &amp; S. D. Burman &amp; Majrooh Sultanpuri</td>
</tr>
<tr>
<td class="has-text-align-center" data-align="center"><a href="https://archive.org/download/sehra-from-kahan-shuru-kahan-khatam-dhvani-bhanushali-varun-jain-sachin-jigar-kausar-munir/Sehra%20from%20kahan%20Shuru%20Kahan%20Khatam%20-%20Dhvani%20Bhanushali%20Varun%20Jain%20Sachin-jigar%20Kausar%20Munir.mp3" data-type="link" data-id="https://archive.org/download/sehra-from-kahan-shuru-kahan-khatam-dhvani-bhanushali-varun-jain-sachin-jigar-kausar-munir/Sehra%20from%20kahan%20Shuru%20Kahan%20Khatam%20-%20Dhvani%20Bhanushali%20Varun%20Jain%20Sachin-jigar%20Kausar%20Munir.mp3" target="_blank" rel="noopener">03-Sehra</a><br />Dhvani Bhanushali &amp; Varun Jain &amp; Sachin-Jigar &amp; Kausar Munir</td>
</tr>
</tbody>
</table>
</figure>



<p>Search Terms:</p>



<ul class="wp-block-list">
<li>Kahan Shuru Kahan Khatam Mp3 songs download</li>



<li>Kahan Shuru Kahan Khatam mp3 songs</li>



<li>Kahan Shuru Kahan Khatam mp3 download</li>



<li>Kahan Shuru Kahan Khatam 2024 mp3 songs download</li>



<li>Kahan Shuru Kahan Khatam 2024 mp3 songs</li>



<li>Kahan Shuru Kahan Khatam 2024 mp3 download</li>



<li>Kahan Shuru Kahan Khatam 2024 movie songs download</li>



<li>Kahan Shuru Kahan Khatam 2024 movie songs</li>



<li>Kahan Shuru Kahan Khatam movie songs download</li>



<li><a href="/hindi-mp3-songs/">Hindi Mp3 Songs download</a></li>



<li>Kahan Shuru Kahan Khatam film songs download</li>
</ul>
]]></content:encoded>
					
					<wfw:commentRss>/kahan-shuru-kahan-khatam-mp3-songs-download/feed/</wfw:commentRss>
			<slash:comments>0</slash:comments>
		
		<enclosure url="https://archive.org/download/ek-ladki-bheegi-bhagi-si-from-kahan-shuru-kahan-khatam-shashwat-singh-ip-singh-a/Ishq%20De%20Shot%20from%20kahan%20Shuru%20Kahan%20Khatam%20-%20Dhvani%20Bhanushali%20Ip%20Singh%20Akshay%20Ip.mp3" length="0" type="audio/mpeg" />
<enclosure url="https://archive.org/download/ek-ladki-bheegi-bhagi-si-from-kahan-shuru-kahan-khatam-shashwat-singh-ip-singh-a/Ek%20Ladki%20Bheegi%20Bhagi%20Si%20from%20kahan%20Shuru%20Kahan%20Khatam%20-%20Shashwat%20Singh%20Ip%20Singh%20Akshay%20Ip%20Kishore%20Kumar%20S%20D%20Burman%20Majrooh%20Sultanpuri.mp3" length="0" type="audio/mpeg" />
<enclosure url="https://archive.org/download/sehra-from-kahan-shuru-kahan-khatam-dhvani-bhanushali-varun-jain-sachin-jigar-kausar-munir/Sehra%20from%20kahan%20Shuru%20Kahan%20Khatam%20-%20Dhvani%20Bhanushali%20Varun%20Jain%20Sachin-jigar%20Kausar%20Munir.mp3" length="0" type="audio/mpeg" />

			</item>
		<item>
		<title>Sector 36 2024 Bollywood Hindi Movie MP3 Songs Download</title>
		<link>/sector-36-2024-bollywood-hindi-movie-mp3-songs/</link>
					<comments>/sector-36-2024-bollywood-hindi-movie-mp3-songs/#respond</comments>
		
		<dc:creator><![CDATA[kannada7999]]></dc:creator>
		<pubDate>Tue, 10 Sep 2024 11:47:20 +0000</pubDate>
				<category><![CDATA[Hindi MP3 Songs]]></category>
		<category><![CDATA[Sector 36 mp3]]></category>
		<category><![CDATA[Sector 36 mp3 songs]]></category>
		<category><![CDATA[Sector 36 mp3 songs download pagalworld]]></category>
		<category><![CDATA[Sector 36 mp3 songs free download]]></category>
		<category><![CDATA[Sector 36 songs download]]></category>
		<guid isPermaLink="false">/?p=797</guid>

					<description><![CDATA[Sector 36 2024 Bollywood Hindi Movie MP3 Songs Download 01-DumrooMohit Chauhan &#38; Anupam Amod &#38; Dhunkey]]></description>
										<content:encoded><![CDATA[
<h2 class="wp-block-heading has-text-align-center">Sector 36 2024 Bollywood Hindi Movie MP3 Songs Download</h2>



<figure class="wp-block-table">
<table class="has-fixed-layout">
<tbody>
<tr>
<td class="has-text-align-center" data-align="center"><a href="https://archive.org/download/saathiya-from-yudhra-vishal-mishra-pratibha-singh-baghel-javed-akhtar-shankar-ehsaan-loy-1/Dumroo%20from%20sector%2036%20-%20Mohit%20Chauhan%20Anupam%20Amod%20Dhunkey.mp3" target="_blank" rel="noopener">01-Dumroo</a><br />Mohit Chauhan &amp; Anupam Amod &amp; Dhunkey</td>
</tr>
</tbody>
</table>
</figure>



<ul class="wp-block-list">
<li>Sector 36 mp3 songs download pagalworld</li>



<li>Sector 36 mp3 songs free download</li>



<li>Sector 36 mp3 songs</li>



<li>Sector 36 mp3 download</li>



<li>Sector 36 mp3 songs hindi</li>



<li>Sector 36 bollywood mp3 songs download</li>



<li>Sector 36 bollywood songs download</li>



<li>Sector 36 hindi mp3 download</li>
<li><a href="/hindi-mp3-songs/">Hindi songs</a></li>
</ul>
]]></content:encoded>
					
					<wfw:commentRss>/sector-36-2024-bollywood-hindi-movie-mp3-songs/feed/</wfw:commentRss>
			<slash:comments>0</slash:comments>
		
		<enclosure url="https://archive.org/download/saathiya-from-yudhra-vishal-mishra-pratibha-singh-baghel-javed-akhtar-shankar-ehsaan-loy-1/Dumroo%20from%20sector%2036%20-%20Mohit%20Chauhan%20Anupam%20Amod%20Dhunkey.mp3" length="0" type="audio/mpeg" />

			</item>
		<item>
		<title>Beinteha 2024 MP3 Songs Download</title>
		<link>/beinteha-2024-mp3-songs/</link>
					<comments>/beinteha-2024-mp3-songs/#respond</comments>
		
		<dc:creator><![CDATA[kannada7999]]></dc:creator>
		<pubDate>Tue, 10 Sep 2024 11:46:21 +0000</pubDate>
				<category><![CDATA[Hindi MP3 Songs]]></category>
		<category><![CDATA[Beinteha 2024 MP3 bollywood mp3 songs]]></category>
		<category><![CDATA[Beinteha 2024 MP3 bollywood Songs]]></category>
		<category><![CDATA[Beinteha 2024 MP3 Songs]]></category>
		<category><![CDATA[Beinteha 2024 MP3 Songs download]]></category>
		<category><![CDATA[bollywood songs download]]></category>
		<category><![CDATA[Kahan Shuru Kahan Khatam hindi songs download]]></category>
		<guid isPermaLink="false">/?p=794</guid>

					<description><![CDATA[Download Beinteha 2024 MP3 Songs in 320kpbs: 01-Tere Dar Pe SanamDev Negi &#38; Neeti Mohan &#38; KS Abhishek &#38; Anu [&#8230;]]]></description>
										<content:encoded><![CDATA[
<h2 class="wp-block-heading has-text-align-center">Download Beinteha 2024 MP3 Songs in 320kpbs:</h2>



<figure class="wp-block-table">
<table class="has-fixed-layout">
<tbody>
<tr>
<td class="has-text-align-center" data-align="center"><a href="https://archive.org/download/saathiya-from-yudhra-vishal-mishra-pratibha-singh-baghel-javed-akhtar-shankar-ehsaan-loy-1/Tere%20Dar%20Pe%20Sanam%20from%20beinteha%20-%20Dev%20Negi%20Neeti%20Mohan%20Ks%20Abhishek%20Anu%20Malik%20A-bazz%20Qateel%20Shifai.mp3" target="_blank" rel="noopener">01-Tere Dar Pe Sanam</a><br />Dev Negi &amp; Neeti Mohan &amp; KS Abhishek &amp; Anu Malik &amp; A-Bazz &amp; Qateel Shifai</td>
</tr>
</tbody>
</table>
</figure>



<ul class="wp-block-list">
<li>Beinteha 2024 MP3 Songs</li>



<li>Beinteha 2024 MP3 Songs download</li>



<li>Beinteha 2024 MP3 download</li>



<li>Beinteha 2024 songs download</li>



<li>Beinteha 2024 MP3 Songs free</li>



<li>Beinteha 2024 songs free download</li>



<li>Beinteha 2024 new hindi mp3 songs</li>



<li>Beinteha 2024 hindi new songs download</li>
<li><a href="/hindi-mp3-songs/">Hindi songs download</a></li>
</ul>
]]></content:encoded>
					
					<wfw:commentRss>/beinteha-2024-mp3-songs/feed/</wfw:commentRss>
			<slash:comments>0</slash:comments>
		
		<enclosure url="https://archive.org/download/saathiya-from-yudhra-vishal-mishra-pratibha-singh-baghel-javed-akhtar-shankar-ehsaan-loy-1/Tere%20Dar%20Pe%20Sanam%20from%20beinteha%20-%20Dev%20Negi%20Neeti%20Mohan%20Ks%20Abhishek%20Anu%20Malik%20A-bazz%20Qateel%20Shifai.mp3" length="0" type="audio/mpeg" />

			</item>
		<item>
		<title>Yudhra 2024 MP3 Songs Download</title>
		<link>/yudhra-2024-mp3-songs/</link>
					<comments>/yudhra-2024-mp3-songs/#respond</comments>
		
		<dc:creator><![CDATA[kannada7999]]></dc:creator>
		<pubDate>Tue, 10 Sep 2024 11:44:53 +0000</pubDate>
				<category><![CDATA[Hindi MP3 Songs]]></category>
		<category><![CDATA[Yudhra 2024 MP3 hindi songs]]></category>
		<category><![CDATA[Yudhra 2024 MP3 new songs download]]></category>
		<category><![CDATA[Yudhra 2024 MP3 Songs]]></category>
		<category><![CDATA[Yudhra 2024 MP3 Songs bollywood]]></category>
		<category><![CDATA[Yudhra 2024 MP3 Songs download]]></category>
		<category><![CDATA[Yudhra 2024 MP3 Songs new download]]></category>
		<guid isPermaLink="false">/?p=791</guid>

					<description><![CDATA[Download Yudhra 2024 MP3 Songs in 320kpbs: 01-SaathiyaVishal Mishra &#38; Pratibha Singh Baghel &#38; Javed Akhtar &#38; Shankar-Ehsaan-Loy 02-Sohni LagdiJaz [&#8230;]]]></description>
										<content:encoded><![CDATA[
<h2 class="wp-block-heading has-text-align-center">Download Yudhra 2024 MP3 Songs in 320kpbs:</h2>



<figure class="wp-block-table">
<table class="has-fixed-layout">
<tbody>
<tr>
<td class="has-text-align-center" data-align="center"><a href="https://archive.org/download/saathiya-from-yudhra-vishal-mishra-pratibha-singh-baghel-javed-akhtar-shankar-ehsaan-loy-1/Saathiya%20-%20From%20yudhra%20-%20Vishal%20Mishra%20Pratibha%20Singh%20Baghel%20Javed%20Akhtar%20Shankar-Ehsaan-Loy%20%281%29.mp3" target="_blank" rel="noopener">01-Saathiya</a><br />Vishal Mishra &amp; Pratibha Singh Baghel &amp; Javed Akhtar &amp; Shankar-Ehsaan-Loy</td>
</tr>
<tr>
<td class="has-text-align-center" data-align="center"><a href="https://archive.org/download/saathiya-from-yudhra-vishal-mishra-pratibha-singh-baghel-javed-akhtar-shankar-ehsaan-loy-1/Sohni%20Lagdi%20-%20From%20yudhra%20-%20Jaz%20Dhami%20Sonna%20Prem%20Hardeep.mp3" target="_blank" rel="noopener">02-Sohni Lagdi</a><br />Jaz Dhami &amp; Sonna &amp; Prem &amp; Hardeep</td>
</tr>
</tbody>
</table>
</figure>



<ul class="wp-block-list">
<li>Yudhra mp3 songs</li>



<li>Yudhra mp3 songs download,</li>



<li>Yudhra mp3 download</li>



<li>Yudhra bollywood songs</li>



<li>Yudhra movie songs download</li>



<li>Yudhra hindi movie songs download</li>



<li>Yudhra bollywood mp3 songs</li>



<li>Yudhra 2024 songs download</li>



<li>Yudhra songs download free</li>



<li><a href="/hindi-mp3-songs/">new hindi songs</a></li>



<li>bollywood new songs</li>
</ul>
]]></content:encoded>
					
					<wfw:commentRss>/yudhra-2024-mp3-songs/feed/</wfw:commentRss>
			<slash:comments>0</slash:comments>
		
		<enclosure url="https://archive.org/download/saathiya-from-yudhra-vishal-mishra-pratibha-singh-baghel-javed-akhtar-shankar-ehsaan-loy-1/Saathiya%20-%20From%20yudhra%20-%20Vishal%20Mishra%20Pratibha%20Singh%20Baghel%20Javed%20Akhtar%20Shankar-Ehsaan-Loy%20%281%29.mp3" length="0" type="audio/mpeg" />
<enclosure url="https://archive.org/download/saathiya-from-yudhra-vishal-mishra-pratibha-singh-baghel-javed-akhtar-shankar-ehsaan-loy-1/Sohni%20Lagdi%20-%20From%20yudhra%20-%20Jaz%20Dhami%20Sonna%20Prem%20Hardeep.mp3" length="0" type="audio/mpeg" />

			</item>
		<item>
		<title>Jigra 2024 MP3 Songs Download</title>
		<link>/jigra-2024-mp3-songs-download/</link>
					<comments>/jigra-2024-mp3-songs-download/#respond</comments>
		
		<dc:creator><![CDATA[kannada7999]]></dc:creator>
		<pubDate>Tue, 10 Sep 2024 08:36:58 +0000</pubDate>
				<category><![CDATA[Hindi MP3 Songs]]></category>
		<category><![CDATA[Hindi songs download]]></category>
		<category><![CDATA[Jigra 2024 MP3 Songs Download]]></category>
		<category><![CDATA[Jigra 2024 mp3 songs download hindi]]></category>
		<category><![CDATA[Jigra 2024 mp3 songs download ringtone]]></category>
		<guid isPermaLink="false">/?p=799</guid>

					<description><![CDATA[Jigra 2024 MP3 Songs Download in 320kpbs: 01-Phoolon Ka Taaro Ka Vedang Raina &#38; Achint &#38; Varun Grover &#38; R. [&#8230;]]]></description>
										<content:encoded><![CDATA[
<h2 class="wp-block-heading has-text-align-center">Jigra 2024 MP3 Songs Download in 320kpbs:</h2>



<figure class="wp-block-table"><table class="has-fixed-layout"><tbody><tr><td class="has-text-align-center" data-align="center"><p>01-Phoolon Ka Taaro Ka</p><span style="font-size: revert; font-family: inherit; font-weight: inherit; color: var(--ast-global-color-3); background-color: var(--ast-global-color-5);">Vedang Raina &amp; Achint &amp; Varun Grover &amp; R. D. Burman &amp; Anand Bakshi</span></td></tr></tbody></table></figure>



<ul class="wp-block-list">
<li>Jigra 2024 MP3 Songs Download</li>



<li>Jigra 2024 MP3 Songs</li>



<li>Jigra 2024 mp3 songs download hindi</li>



<li>Jigra 2024 mp3 songs download ringtone</li>



<li>Jigra 2024 mp3</li>
</ul>
]]></content:encoded>
					
					<wfw:commentRss>/jigra-2024-mp3-songs-download/feed/</wfw:commentRss>
			<slash:comments>0</slash:comments>
		
		
			</item>
		<item>
		<title>Thalapathy Is The G.O.A.T MP3 Songs Download 2024</title>
		<link>/thalapathy-is-the-g-o-a-t-mp3-songs/</link>
					<comments>/thalapathy-is-the-g-o-a-t-mp3-songs/#respond</comments>
		
		<dc:creator><![CDATA[kannada7999]]></dc:creator>
		<pubDate>Thu, 05 Sep 2024 09:58:24 +0000</pubDate>
				<category><![CDATA[Hindi MP3 Songs]]></category>
		<category><![CDATA[hindi]]></category>
		<category><![CDATA[hindi gana]]></category>
		<category><![CDATA[hindi song]]></category>
		<category><![CDATA[hindi song download]]></category>
		<category><![CDATA[hindi song hindi song]]></category>
		<category><![CDATA[hindi to telugu]]></category>
		<category><![CDATA[Thalapathy Is The G.O.A.T]]></category>
		<category><![CDATA[Thalapathy Is The G.O.A.T 2024 hindi mp3]]></category>
		<category><![CDATA[Thalapathy Is The G.O.A.T 2024 hindi mp3 songs]]></category>
		<category><![CDATA[Thalapathy Is The G.O.A.T 2024 mp3 songs download]]></category>
		<category><![CDATA[Thalapathy Is The G.O.A.T hindi 2024 songs]]></category>
		<category><![CDATA[Thalapathy Is The G.O.A.T hindi movie songs]]></category>
		<category><![CDATA[Thalapathy Is The G.O.A.T hindi songs]]></category>
		<category><![CDATA[Thalapathy Is The G.O.A.T hindi songs download]]></category>
		<category><![CDATA[Thalapathy Is The G.O.A.T mp3]]></category>
		<category><![CDATA[Thalapathy Is The G.O.A.T mp3 songs]]></category>
		<category><![CDATA[Thalapathy Is The G.O.A.T mp3 songs download]]></category>
		<guid isPermaLink="false">/?p=732</guid>

					<description><![CDATA[Download Thalapathy Is The G.O.A.T MP3 Songs In 320kpbs: 01-AayaYuvan Shankar Raja &#38; Nakash Aziz 02-Whistle PoduYuvan Shankar Raja &#38; [&#8230;]]]></description>
										<content:encoded><![CDATA[
<h2 class="wp-block-heading has-text-align-center">Download Thalapathy Is The G.O.A.T MP3 Songs In 320kpbs:</h2>



<figure class="wp-block-table">
<table class="has-fixed-layout">
<tbody>
<tr>
<td class="has-text-align-center" data-align="center"><a href="https://archive.org/download/whistle-podu-from-thalapathy-is-the-goat-yuvan-shankar-raja-nakash-aziz/Aaya%20from%20thalapathy%20Is%20The%20Goat%20-%20Yuvan%20Shankar%20Raja%20Vrusha%20Balu%20Raqueeb%20Alam.mp3" data-type="link" data-id="https://archive.org/download/whistle-podu-from-thalapathy-is-the-goat-yuvan-shankar-raja-nakash-aziz/Aaya%20from%20thalapathy%20Is%20The%20Goat%20-%20Yuvan%20Shankar%20Raja%20Vrusha%20Balu%20Raqueeb%20Alam.mp3" target="_blank" rel="noopener">01-Aaya</a><br />Yuvan Shankar Raja &amp; Nakash Aziz</td>
</tr>
<tr>
<td class="has-text-align-center" data-align="center"><a href="https://archive.org/download/whistle-podu-from-thalapathy-is-the-goat-yuvan-shankar-raja-nakash-aziz/Whistle%20Podu%20from%20thalapathy%20Is%20The%20Goat%20-%20Yuvan%20Shankar%20Raja%20Nakash%20Aziz.mp3" data-type="link" data-id="https://archive.org/download/whistle-podu-from-thalapathy-is-the-goat-yuvan-shankar-raja-nakash-aziz/Whistle%20Podu%20from%20thalapathy%20Is%20The%20Goat%20-%20Yuvan%20Shankar%20Raja%20Nakash%20Aziz.mp3" target="_blank" rel="noopener">02-Whistle Podu</a><br />Yuvan Shankar Raja &amp; Nakash Aziz</td>
</tr>
<tr>
<td class="has-text-align-center" data-align="center"><a href="https://archive.org/download/whistle-podu-from-thalapathy-is-the-goat-yuvan-shankar-raja-nakash-aziz/Chhoti%20Chhoti%20Aankhen%20from%20thalapathy%20Is%20The%20Goat%20-%20Yuvan%20Shankar%20Raja%20Javed%20Ali%20K%20S%20Chithra.mp3" data-type="link" data-id="https://archive.org/download/whistle-podu-from-thalapathy-is-the-goat-yuvan-shankar-raja-nakash-aziz/Chhoti%20Chhoti%20Aankhen%20from%20thalapathy%20Is%20The%20Goat%20-%20Yuvan%20Shankar%20Raja%20Javed%20Ali%20K%20S%20Chithra.mp3" target="_blank" rel="noopener">03-Chhoti Chhoti Aankhen</a><br />Yuvan Shankar Raja &amp; Javed Ali &amp; K. S. Chithra</td>
</tr>
<tr>
<td class="has-text-align-center" data-align="center"><a href="https://archive.org/download/whistle-podu-from-thalapathy-is-the-goat-yuvan-shankar-raja-nakash-aziz/Spark%20from%20thalapathy%20Is%20The%20Goat%20-%20Yuvan%20Shankar%20Raja%20Kunal%20Ganjawala%20Vrusha%20Balu.mp3" data-type="link" data-id="https://archive.org/download/whistle-podu-from-thalapathy-is-the-goat-yuvan-shankar-raja-nakash-aziz/Spark%20from%20thalapathy%20Is%20The%20Goat%20-%20Yuvan%20Shankar%20Raja%20Kunal%20Ganjawala%20Vrusha%20Balu.mp3" target="_blank" rel="noopener">04-Spark</a><br />Yuvan Shankar Raja &amp; Kunal Ganjawala &amp; Vrusha Balu</td>
</tr>
</tbody>
</table>
</figure>



<p>Search Terms:</p>



<ul class="wp-block-list">
<li>Thalapathy Is The G.O.A.T</li>



<li>Thalapathy Is The G.O.A.T mp3 songs download</li>



<li>Thalapathy Is The G.O.A.T 2024 mp3 songs download</li>



<li>Thalapathy Is The G.O.A.T 2024 hindi songs download</li>



<li>Thalapathy Is The G.O.A.T 2024 bollywood song download</li>



<li>Thalapathy vijay Is The G.O.A.T</li>



<li>Thalapathy Is The G.O.A.T movie songs download</li>



<li>hindi songs download kasongs4u</li>



<li>Thalapathy Is The G.O.A.T mp3 download kasongs4u</li>



<li>Thalapathy Is The G.O.A.T hindi mp3 download</li>



<li>Thalapathy Is The G.O.A.T new songs download</li>



<li><a href="/hindi-mp3-songs/">Hindi songs download</a></li>
</ul>
]]></content:encoded>
					
					<wfw:commentRss>/thalapathy-is-the-g-o-a-t-mp3-songs/feed/</wfw:commentRss>
			<slash:comments>0</slash:comments>
		
		<enclosure url="https://archive.org/download/whistle-podu-from-thalapathy-is-the-goat-yuvan-shankar-raja-nakash-aziz/Aaya%20from%20thalapathy%20Is%20The%20Goat%20-%20Yuvan%20Shankar%20Raja%20Vrusha%20Balu%20Raqueeb%20Alam.mp3" length="0" type="audio/mpeg" />
<enclosure url="https://archive.org/download/whistle-podu-from-thalapathy-is-the-goat-yuvan-shankar-raja-nakash-aziz/Whistle%20Podu%20from%20thalapathy%20Is%20The%20Goat%20-%20Yuvan%20Shankar%20Raja%20Nakash%20Aziz.mp3" length="0" type="audio/mpeg" />
<enclosure url="https://archive.org/download/whistle-podu-from-thalapathy-is-the-goat-yuvan-shankar-raja-nakash-aziz/Chhoti%20Chhoti%20Aankhen%20from%20thalapathy%20Is%20The%20Goat%20-%20Yuvan%20Shankar%20Raja%20Javed%20Ali%20K%20S%20Chithra.mp3" length="0" type="audio/mpeg" />
<enclosure url="https://archive.org/download/whistle-podu-from-thalapathy-is-the-goat-yuvan-shankar-raja-nakash-aziz/Spark%20from%20thalapathy%20Is%20The%20Goat%20-%20Yuvan%20Shankar%20Raja%20Kunal%20Ganjawala%20Vrusha%20Balu.mp3" length="0" type="audio/mpeg" />

			</item>
	</channel>
</rss>
