<?xml version="1.0" encoding="UTF-8"?><rss version="2.0"
	xmlns:content="http://purl.org/rss/1.0/modules/content/"
	xmlns:dc="http://purl.org/dc/elements/1.1/"
	xmlns:atom="http://www.w3.org/2005/Atom"
	xmlns:sy="http://purl.org/rss/1.0/modules/syndication/"
	
	>
<channel>
	<title>
	Comments on: Interval MP3 Songs Download 2024	</title>
	<atom:link href="/interval-mp3-songs-download/feed/" rel="self" type="application/rss+xml" />
	<link>/interval-mp3-songs-download/</link>
	<description>Kannada A to Z Mp3 Songs Free Download, Kannada New MP3 Songs Download in High Quality ACD Rips, , Kannada Hit Songs Download</description>
	<lastBuildDate>Mon, 09 Sep 2024 18:00:10 +0000</lastBuildDate>
	<sy:updatePeriod>
	hourly	</sy:updatePeriod>
	<sy:updateFrequency>
	1	</sy:updateFrequency>
	<generator>https://wordpress.org/?v=6.6.2</generator>
</channel>
</rss>
