<?xml version="1.0" encoding="UTF-8"?><rss version="2.0"
	xmlns:content="http://purl.org/rss/1.0/modules/content/"
	xmlns:dc="http://purl.org/dc/elements/1.1/"
	xmlns:atom="http://www.w3.org/2005/Atom"
	xmlns:sy="http://purl.org/rss/1.0/modules/syndication/"
	
	>
<channel>
	<title>
	Comments on: Ibbani Tabbida Ileyali MP3 Songs Download	</title>
	<atom:link href="/ibbani-tabbida-ileyali-mp3-songs/feed/" rel="self" type="application/rss+xml" />
	<link>/ibbani-tabbida-ileyali-mp3-songs/</link>
	<description>Kannada A to Z Mp3 Songs Free Download, Kannada New MP3 Songs Download in High Quality ACD Rips, , Kannada Hit Songs Download</description>
	<lastBuildDate>Wed, 04 Sep 2024 11:48:30 +0000</lastBuildDate>
	<sy:updatePeriod>
	hourly	</sy:updatePeriod>
	<sy:updateFrequency>
	1	</sy:updateFrequency>
	<generator>https://wordpress.org/?v=6.6.2</generator>
</channel>
</rss>
