<?xml version="1.0" encoding="UTF-8"?><rss version="2.0"
	xmlns:content="http://purl.org/rss/1.0/modules/content/"
	xmlns:wfw="http://wellformedweb.org/CommentAPI/"
	xmlns:dc="http://purl.org/dc/elements/1.1/"
	xmlns:atom="http://www.w3.org/2005/Atom"
	xmlns:sy="http://purl.org/rss/1.0/modules/syndication/"
	xmlns:slash="http://purl.org/rss/1.0/modules/slash/"
	>

<channel>
	<title>kannada7999 &#8211; KASONGS4U | Kannada A to Z Mp3 Songs Free Download</title>
	<atom:link href="/author/kannada7999/feed/" rel="self" type="application/rss+xml" />
	<link>/</link>
	<description>Kannada A to Z Mp3 Songs Free Download, Kannada New MP3 Songs Download in High Quality ACD Rips, , Kannada Hit Songs Download</description>
	<lastBuildDate>Wed, 11 Sep 2024 07:41:18 +0000</lastBuildDate>
	<language>en-GB</language>
	<sy:updatePeriod>
	hourly	</sy:updatePeriod>
	<sy:updateFrequency>
	1	</sy:updateFrequency>
	<generator>https://wordpress.org/?v=6.6.2</generator>

<image>
	<url>/wp-content/uploads/2024/09/cropped-Picsart_24-09-06_08-30-32-031-32x32.webp</url>
	<title>kannada7999 &#8211; KASONGS4U | Kannada A to Z Mp3 Songs Free Download</title>
	<link>/</link>
	<width>32</width>
	<height>32</height>
</image> 
	<item>
		<title>Double ISMART (Kannada) MP3 Songs Download</title>
		<link>/double-ismart-kannada-mp3-songs/</link>
					<comments>/double-ismart-kannada-mp3-songs/#respond</comments>
		
		<dc:creator><![CDATA[kannada7999]]></dc:creator>
		<pubDate>Wed, 11 Sep 2024 07:11:16 +0000</pubDate>
				<category><![CDATA[Kannada MP3 Songs]]></category>
		<category><![CDATA[320kpbs kannada songs]]></category>
		<category><![CDATA[Double ISMART 2024 film songs download]]></category>
		<category><![CDATA[Double ISMART 2024 kannada movie songs download]]></category>
		<category><![CDATA[Double ISMART kannada mp3 songs]]></category>
		<category><![CDATA[Double ISMART kannada new songs download]]></category>
		<category><![CDATA[Double ISMART kannada songs download]]></category>
		<category><![CDATA[download ismart shankar]]></category>
		<category><![CDATA[ismart mp3]]></category>
		<category><![CDATA[ismart shankar audio song download]]></category>
		<category><![CDATA[ismart shankar audio songs]]></category>
		<category><![CDATA[ismart shankar download]]></category>
		<category><![CDATA[ismart shankar download songs]]></category>
		<category><![CDATA[ismart shankar ismart title song]]></category>
		<category><![CDATA[ismart shankar movie songs download]]></category>
		<category><![CDATA[ismart shankar mp3]]></category>
		<category><![CDATA[ismart shankar mp3 download]]></category>
		<category><![CDATA[ismart shankar mp3 songs]]></category>
		<category><![CDATA[ismart shankar mp3 songs download]]></category>
		<category><![CDATA[ismart shankar music]]></category>
		<category><![CDATA[ismart shankar songs]]></category>
		<category><![CDATA[ismart shankar songs download]]></category>
		<category><![CDATA[ismart shankar songs free download]]></category>
		<category><![CDATA[ismart shankar songs in telugu download]]></category>
		<category><![CDATA[ismart shankar songs lyrics in telugu download]]></category>
		<category><![CDATA[ismart shankar songs mp3 download]]></category>
		<category><![CDATA[ismart shankar songs to download]]></category>
		<category><![CDATA[ismart shankar telugu]]></category>
		<category><![CDATA[kannada latest music]]></category>
		<category><![CDATA[kannada latest songs download]]></category>
		<category><![CDATA[kannada mp3 songs]]></category>
		<category><![CDATA[kannada songs download]]></category>
		<category><![CDATA[kasongs4u]]></category>
		<category><![CDATA[song download]]></category>
		<guid isPermaLink="false">/?p=836</guid>

					<description><![CDATA[Download Double ISMART (Kannada) MP3 Songs [Original Motion Picture Soundtrack] 01-SteppaMaar (Kannada)Mani Sharma &#38; Kaushik Harsha &#38; Sahithi Chaganti &#38; Varadaraj Chikkaballapura 02-Maar [&#8230;]]]></description>
										<content:encoded><![CDATA[
<h2 class="wp-block-heading has-text-align-center">Download <em>Double ISMART</em> (<em>Kannada</em>) <em>MP3</em> Songs [Original Motion Picture Soundtrack]</h2>



<figure class="wp-block-table">
<table class="has-fixed-layout">
<tbody>
<tr>
<td class="has-text-align-center" data-align="center"><a href="https://archive.org/download/kya-lafda-kannada-mani-sharma-chethan-kumar-meghana-joshi-varadaraj-chikkaballapura/Steppamaar%20kannada%20-%20Mani%20Sharma%20Kaushik%20Harsha%20Sahithi%20Chaganti%20Varadaraj%20Chikkaballapura.mp3" target="_blank" rel="noopener">01-SteppaMaar (Kannada)</a><br />Mani Sharma &amp; Kaushik Harsha &amp; Sahithi Chaganti &amp; Varadaraj Chikkaballapura</td>
</tr>
<tr>
<td class="has-text-align-center" data-align="center"><a href="https://archive.org/download/kya-lafda-kannada-mani-sharma-chethan-kumar-meghana-joshi-varadaraj-chikkaballapura/Maar%20Muntha%20Chod%20Chinta%20kannada%20-%20Mani%20Sharma%20Vishak%20Nagalapura%20Meghana%20Haliyal%20Varadaraj%20Chikkaballapura.mp3" target="_blank" rel="noopener">02-Maar Muntha Chod Chinta (Kannada)</a><br />Mani Sharma &amp; Vishak Nagalapura &amp; Meghana Haliyal &amp; Varadaraj Chikkaballapura</td>
</tr>
<tr>
<td class="has-text-align-center" data-align="center"><a href="https://archive.org/download/kya-lafda-kannada-mani-sharma-chethan-kumar-meghana-joshi-varadaraj-chikkaballapura/Kya%20Lafda%20kannada%20-%20Mani%20Sharma%20Chethan%20Kumar%20Meghana%20Joshi%20Varadaraj%20Chikkaballapura.mp3" target="_blank" rel="noopener">03-Kya Lafda (Kannada)</a><br />Mani Sharma &amp; Chethan Kumar &amp; Meghana Joshi &amp; Varadaraj Chikkaballapura</td>
</tr>
<tr>
<td class="has-text-align-center" data-align="center"><a href="https://archive.org/download/kya-lafda-kannada-mani-sharma-chethan-kumar-meghana-joshi-varadaraj-chikkaballapura/Big%20Bull%20kannada%20-%20Mani%20Sharma%20Guru%20Kiran%20Meghana%20Varadaraj%20Chikkaballapura.mp3" target="_blank" rel="noopener">04-Big Bull (Kannada)</a><br />Mani Sharma &amp; Guru Kiran &amp; Meghana &amp; Varadaraj Chikkaballapura</td>
</tr>
<tr>
<td class="has-text-align-center" data-align="center"><a href="https://archive.org/download/kya-lafda-kannada-mani-sharma-chethan-kumar-meghana-joshi-varadaraj-chikkaballapura/Mother%20Song%20kannada%20-%20Mani%20Sharma%20Meghana%20Joshi%20Varadaraj%20Chikkaballapura.mp3" target="_blank" rel="noopener">05-Mother Song (Kannada)</a><br />Mani Sharma &amp; Meghana Joshi &amp; Varadaraj Chikkaballapura</td>
</tr>
</tbody>
</table>
</figure>



<ul class="wp-block-list">
<li>Double ISMART kannada songs download</li>



<li>Double ISMART kannada mp3 songs download</li>



<li>Double ISMART mp3 songs download</li>



<li>Double ISMART 2024 mp3 songs download</li>



<li>Double ISMART 2024 movie songs download</li>



<li>Double ISMART kannada movie 2024 songs</li>



<li>Double ISMART kannada film songs download</li>



<li>Double ISMART new movie songs download</li>



<li>Double ISMART movie songs free download</li>



<li><a href="http://kannada7999.com/" target="_blank" rel="noopener">kannada songs download</a></li>



<li>kasongs4u</li>
</ul>
]]></content:encoded>
					
					<wfw:commentRss>/double-ismart-kannada-mp3-songs/feed/</wfw:commentRss>
			<slash:comments>0</slash:comments>
		
		<enclosure url="https://archive.org/download/kya-lafda-kannada-mani-sharma-chethan-kumar-meghana-joshi-varadaraj-chikkaballapura/Steppamaar%20kannada%20-%20Mani%20Sharma%20Kaushik%20Harsha%20Sahithi%20Chaganti%20Varadaraj%20Chikkaballapura.mp3" length="0" type="audio/mpeg" />
<enclosure url="https://archive.org/download/kya-lafda-kannada-mani-sharma-chethan-kumar-meghana-joshi-varadaraj-chikkaballapura/Maar%20Muntha%20Chod%20Chinta%20kannada%20-%20Mani%20Sharma%20Vishak%20Nagalapura%20Meghana%20Haliyal%20Varadaraj%20Chikkaballapura.mp3" length="0" type="audio/mpeg" />
<enclosure url="https://archive.org/download/kya-lafda-kannada-mani-sharma-chethan-kumar-meghana-joshi-varadaraj-chikkaballapura/Kya%20Lafda%20kannada%20-%20Mani%20Sharma%20Chethan%20Kumar%20Meghana%20Joshi%20Varadaraj%20Chikkaballapura.mp3" length="0" type="audio/mpeg" />
<enclosure url="https://archive.org/download/kya-lafda-kannada-mani-sharma-chethan-kumar-meghana-joshi-varadaraj-chikkaballapura/Big%20Bull%20kannada%20-%20Mani%20Sharma%20Guru%20Kiran%20Meghana%20Varadaraj%20Chikkaballapura.mp3" length="0" type="audio/mpeg" />
<enclosure url="https://archive.org/download/kya-lafda-kannada-mani-sharma-chethan-kumar-meghana-joshi-varadaraj-chikkaballapura/Mother%20Song%20kannada%20-%20Mani%20Sharma%20Meghana%20Joshi%20Varadaraj%20Chikkaballapura.mp3" length="0" type="audio/mpeg" />

			</item>
		<item>
		<title>Kannada Mashup Songs Download 2024</title>
		<link>/kannada-mashup-songs-download/</link>
					<comments>/kannada-mashup-songs-download/#respond</comments>
		
		<dc:creator><![CDATA[kannada7999]]></dc:creator>
		<pubDate>Wed, 11 Sep 2024 05:51:28 +0000</pubDate>
				<category><![CDATA[Kannada MP3 Songs]]></category>
		<category><![CDATA[Kannada devotional songs mashup]]></category>
		<category><![CDATA[Kannada folk songs mashup]]></category>
		<category><![CDATA[Kannada hit songs mashup]]></category>
		<category><![CDATA[Kannada love mashup old songs]]></category>
		<category><![CDATA[Kannada mashup songs]]></category>
		<category><![CDATA[kannada mashup songs 2015]]></category>
		<category><![CDATA[kannada mashup songs 2016]]></category>
		<category><![CDATA[kannada mashup songs 2017]]></category>
		<category><![CDATA[kannada mashup songs 2018 download]]></category>
		<category><![CDATA[kannada mashup songs 2022]]></category>
		<category><![CDATA[kannada mashup songs free download]]></category>
		<guid isPermaLink="false">/?p=832</guid>

					<description><![CDATA[Sandalwood Mashup Songs Download 01-Sandalwood Mast Kalandar MashupKarthik &#38; Voxo Music &#38; V. Harikrishna 02-Sonu Nigam x Golden Star Ganesh [&#8230;]]]></description>
										<content:encoded><![CDATA[
<h2 class="wp-block-heading has-text-align-center">Sandalwood Mashup Songs Download</h2>



<figure class="wp-block-table">
<table class="has-fixed-layout">
<tbody>
<tr>
<td class="has-text-align-center" data-align="center"><a href="https://archive.org/download/maleyali-jotheyali-mashup-sonu-nigam-voxo-music-v-harikrishna/Sandalwood%20Mast%20Kalandar%20Mashup%20-%20Karthik%20Voxo%20Music%20V%20Harikrishna.mp3" target="_blank" rel="noopener">01-Sandalwood Mast Kalandar Mashup</a><br />Karthik &amp; Voxo Music &amp; V. Harikrishna</td>
</tr>
<tr>
<td class="has-text-align-center" data-align="center"><a href="https://archive.org/download/maleyali-jotheyali-mashup-sonu-nigam-voxo-music-v-harikrishna/Sonu%20Nigam%20X%20Golden%20Star%20Ganesh%20Mashup%20-%20Sonu%20Nigam%20ACV%20KANNADA%20Arjun%20Janya.mp3" target="_blank" rel="noopener">02-Sonu Nigam x Golden Star Ganesh Mashup</a><br />Sonu Nigam &amp; ACV KANNADA &amp; Arjun Janya</td>
</tr>
<tr>
<td class="has-text-align-center" data-align="center"><a href="https://archive.org/download/maleyali-jotheyali-mashup-sonu-nigam-voxo-music-v-harikrishna/Maleyali%20Jotheyali%20Mashup%20-%20Sonu%20Nigam%20Voxo%20Music%20V%20Harikrishna.mp3" target="_blank" rel="noopener">03-Maleyali Jotheyali Mashup</a><br />Sonu Nigam &amp; Voxo Music &amp; V. Harikrishna</td>
</tr>
<tr>
<td class="has-text-align-center" data-align="center"><a href="https://archive.org/download/maleyali-jotheyali-mashup-sonu-nigam-voxo-music-v-harikrishna/Mungaru%20Male%20Mashup%20-%20Sonu%20Nigam%20Voxo%20Music%20Mano%20Murthy.mp3" target="_blank" rel="noopener">04-Mungaru Male Mashup</a><br />Sonu Nigam &amp; Voxo Music &amp; Mano Murthy</td>
</tr>
<tr>
<td class="has-text-align-center" data-align="center"><a href="https://archive.org/download/maleyali-jotheyali-mashup-sonu-nigam-voxo-music-v-harikrishna/Shivani%20-%20Chill%20Trap%20-%20Heart%20Killer%20Beats%20Nishan%20Rai.mp3" target="_blank" rel="noopener">05-Shivani &#8211; Chill Trap</a><br />Heart Killer Beats &amp; Nishan Rai</td>
</tr>
</tbody>
</table>
</figure>



<ul class="wp-block-list">
<li>kannada mashup songs 2022</li>



<li>kannada mashup songs 2017</li>



<li>kannada mashup songs 2015</li>



<li>kannada mashup songs 2018 download</li>



<li>kannada mashup songs 2020</li>



<li>kannada mashup songs free download</li>



<li>kannada mashup songs 2016</li>



<li>kannada mashup songs</li>



<li>kannada mashup songs download</li>



<li>kannada mashup songs mp3 download</li>



<li>Kannada devotional songs mashup</li>



<li>Kannada folk songs mashup</li>



<li>Kannada hit songs mashup</li>



<li>Kannada love mashup old songs</li>
<li><a href="/">Kannada songs download</a></li>
<li>Sandalwood dj songs download</li>
</ul>
]]></content:encoded>
					
					<wfw:commentRss>/kannada-mashup-songs-download/feed/</wfw:commentRss>
			<slash:comments>0</slash:comments>
		
		<enclosure url="https://archive.org/download/maleyali-jotheyali-mashup-sonu-nigam-voxo-music-v-harikrishna/Sandalwood%20Mast%20Kalandar%20Mashup%20-%20Karthik%20Voxo%20Music%20V%20Harikrishna.mp3" length="0" type="audio/mpeg" />
<enclosure url="https://archive.org/download/maleyali-jotheyali-mashup-sonu-nigam-voxo-music-v-harikrishna/Sonu%20Nigam%20X%20Golden%20Star%20Ganesh%20Mashup%20-%20Sonu%20Nigam%20ACV%20KANNADA%20Arjun%20Janya.mp3" length="0" type="audio/mpeg" />
<enclosure url="https://archive.org/download/maleyali-jotheyali-mashup-sonu-nigam-voxo-music-v-harikrishna/Maleyali%20Jotheyali%20Mashup%20-%20Sonu%20Nigam%20Voxo%20Music%20V%20Harikrishna.mp3" length="0" type="audio/mpeg" />
<enclosure url="https://archive.org/download/maleyali-jotheyali-mashup-sonu-nigam-voxo-music-v-harikrishna/Mungaru%20Male%20Mashup%20-%20Sonu%20Nigam%20Voxo%20Music%20Mano%20Murthy.mp3" length="0" type="audio/mpeg" />
<enclosure url="https://archive.org/download/maleyali-jotheyali-mashup-sonu-nigam-voxo-music-v-harikrishna/Shivani%20-%20Chill%20Trap%20-%20Heart%20Killer%20Beats%20Nishan%20Rai.mp3" length="0" type="audio/mpeg" />

			</item>
		<item>
		<title>Hagga Kannada MP3 Songs Download</title>
		<link>/hagga-kannada-mp3-songs/</link>
					<comments>/hagga-kannada-mp3-songs/#respond</comments>
		
		<dc:creator><![CDATA[kannada7999]]></dc:creator>
		<pubDate>Wed, 11 Sep 2024 05:08:00 +0000</pubDate>
				<category><![CDATA[Kannada MP3 Songs]]></category>
		<category><![CDATA[hagga kannada movie songs]]></category>
		<category><![CDATA[hagga kannada mp3]]></category>
		<category><![CDATA[hagga kannada mp3 download]]></category>
		<category><![CDATA[hagga kannada mp3 songs]]></category>
		<category><![CDATA[Hagga kannada mp3 songs download]]></category>
		<category><![CDATA[hagga new movie songs download]]></category>
		<category><![CDATA[kannada songs download]]></category>
		<category><![CDATA[kasongs4u]]></category>
		<guid isPermaLink="false">/?p=827</guid>

					<description><![CDATA[Hagga Kannada MP3 Songs Download (Original Motion Picture Soundtrack) 01-Haavali HaakideSonu Nigam]]></description>
										<content:encoded><![CDATA[
<h2 class="wp-block-heading has-text-align-center">Hagga Kannada MP3 Songs Download (Original Motion Picture Soundtrack)</h2>



<figure class="wp-block-table">
<table class="has-fixed-layout">
<tbody>
<tr>
<td class="has-text-align-center" data-align="center"><a href="https://archive.org/download/haavali-haakide-from-hagga-original-motion-picture-soundtrack-sonu-nigam/Haavali%20Haakide%20From%20hagga%20original%20Motion%20Picture%20Soundtrack%20-%20Sonu%20Nigam.mp3" data-type="link" data-id="https://archive.org/download/haavali-haakide-from-hagga-original-motion-picture-soundtrack-sonu-nigam/Haavali%20Haakide%20From%20hagga%20original%20Motion%20Picture%20Soundtrack%20-%20Sonu%20Nigam.mp3" target="_blank" rel="noopener">01-Haavali Haakide</a><br />Sonu Nigam</td>
</tr>
</tbody>
</table>
</figure>



<ul class="wp-block-list">
<li>Hagga mp3 songs download</li>



<li>Hagga kannada mp3 songs download</li>



<li>hagga kannada mp3 songs</li>



<li>hagga kannada songs download</li>



<li>hagga kannada songs</li>



<li>kannada mp3 songs download</li>



<li>2024 kannada mp3 songs download</li>



<li>hagga 2024 movie songs download</li>



<li>kannada latest songs free download</li>



<li>kasongs4u</li>
</ul>
]]></content:encoded>
					
					<wfw:commentRss>/hagga-kannada-mp3-songs/feed/</wfw:commentRss>
			<slash:comments>0</slash:comments>
		
		<enclosure url="https://archive.org/download/haavali-haakide-from-hagga-original-motion-picture-soundtrack-sonu-nigam/Haavali%20Haakide%20From%20hagga%20original%20Motion%20Picture%20Soundtrack%20-%20Sonu%20Nigam.mp3" length="0" type="audio/mpeg" />

			</item>
		<item>
		<title>Kahan Shuru Kahan Khatam MP3 Songs Download 2024</title>
		<link>/kahan-shuru-kahan-khatam-mp3-songs-download/</link>
					<comments>/kahan-shuru-kahan-khatam-mp3-songs-download/#respond</comments>
		
		<dc:creator><![CDATA[kannada7999]]></dc:creator>
		<pubDate>Tue, 10 Sep 2024 16:33:39 +0000</pubDate>
				<category><![CDATA[Hindi MP3 Songs]]></category>
		<category><![CDATA[hindi]]></category>
		<category><![CDATA[hindi gana]]></category>
		<category><![CDATA[Hindi mp3 songs]]></category>
		<category><![CDATA[hindi song]]></category>
		<category><![CDATA[hindi song download]]></category>
		<category><![CDATA[hindi song hindi song]]></category>
		<category><![CDATA[hindi to telugu]]></category>
		<category><![CDATA[Kahan Shuru Kahan Khatam hindi songs download]]></category>
		<category><![CDATA[Kahan Shuru Kahan Khatam mp3 download]]></category>
		<category><![CDATA[Kahan Shuru Kahan Khatam mp3 songs]]></category>
		<category><![CDATA[Kahan Shuru Kahan Khatam songs]]></category>
		<category><![CDATA[Kahan Shuru Kahan Khatam songs download]]></category>
		<guid isPermaLink="false">/?p=747</guid>

					<description><![CDATA[Download Kahan Shuru Kahan Khatam MP3 Songs In 320kpbs: 01-Ishq De ShotDhvani Bhanushali &#38; IP Singh &#38; Akshay &#38; IP [&#8230;]]]></description>
										<content:encoded><![CDATA[
<h2 class="wp-block-heading has-text-align-center">Download Kahan Shuru Kahan Khatam MP3 Songs In 320kpbs:</h2>



<figure class="wp-block-table">
<table class="has-fixed-layout">
<tbody>
<tr>
<td class="has-text-align-center" data-align="center"><a href="https://archive.org/download/ek-ladki-bheegi-bhagi-si-from-kahan-shuru-kahan-khatam-shashwat-singh-ip-singh-a/Ishq%20De%20Shot%20from%20kahan%20Shuru%20Kahan%20Khatam%20-%20Dhvani%20Bhanushali%20Ip%20Singh%20Akshay%20Ip.mp3" target="_blank" rel="noopener">01-Ishq De Shot</a><br />Dhvani Bhanushali &amp; IP Singh &amp; Akshay &amp; IP</td>
</tr>
<tr>
<td class="has-text-align-center" data-align="center"><a href="https://archive.org/download/ek-ladki-bheegi-bhagi-si-from-kahan-shuru-kahan-khatam-shashwat-singh-ip-singh-a/Ek%20Ladki%20Bheegi%20Bhagi%20Si%20from%20kahan%20Shuru%20Kahan%20Khatam%20-%20Shashwat%20Singh%20Ip%20Singh%20Akshay%20Ip%20Kishore%20Kumar%20S%20D%20Burman%20Majrooh%20Sultanpuri.mp3" target="_blank" rel="noopener">02-Ek Ladki Bheegi Bhagi Si</a><br />Shashwat Singh &amp; IP Singh &amp; Akshay &amp; IP &amp; Kishore Kumar &amp; S. D. Burman &amp; Majrooh Sultanpuri</td>
</tr>
<tr>
<td class="has-text-align-center" data-align="center"><a href="https://archive.org/download/sehra-from-kahan-shuru-kahan-khatam-dhvani-bhanushali-varun-jain-sachin-jigar-kausar-munir/Sehra%20from%20kahan%20Shuru%20Kahan%20Khatam%20-%20Dhvani%20Bhanushali%20Varun%20Jain%20Sachin-jigar%20Kausar%20Munir.mp3" data-type="link" data-id="https://archive.org/download/sehra-from-kahan-shuru-kahan-khatam-dhvani-bhanushali-varun-jain-sachin-jigar-kausar-munir/Sehra%20from%20kahan%20Shuru%20Kahan%20Khatam%20-%20Dhvani%20Bhanushali%20Varun%20Jain%20Sachin-jigar%20Kausar%20Munir.mp3" target="_blank" rel="noopener">03-Sehra</a><br />Dhvani Bhanushali &amp; Varun Jain &amp; Sachin-Jigar &amp; Kausar Munir</td>
</tr>
</tbody>
</table>
</figure>



<p>Search Terms:</p>



<ul class="wp-block-list">
<li>Kahan Shuru Kahan Khatam Mp3 songs download</li>



<li>Kahan Shuru Kahan Khatam mp3 songs</li>



<li>Kahan Shuru Kahan Khatam mp3 download</li>



<li>Kahan Shuru Kahan Khatam 2024 mp3 songs download</li>



<li>Kahan Shuru Kahan Khatam 2024 mp3 songs</li>



<li>Kahan Shuru Kahan Khatam 2024 mp3 download</li>



<li>Kahan Shuru Kahan Khatam 2024 movie songs download</li>



<li>Kahan Shuru Kahan Khatam 2024 movie songs</li>



<li>Kahan Shuru Kahan Khatam movie songs download</li>



<li><a href="/hindi-mp3-songs/">Hindi Mp3 Songs download</a></li>



<li>Kahan Shuru Kahan Khatam film songs download</li>
</ul>
]]></content:encoded>
					
					<wfw:commentRss>/kahan-shuru-kahan-khatam-mp3-songs-download/feed/</wfw:commentRss>
			<slash:comments>0</slash:comments>
		
		<enclosure url="https://archive.org/download/ek-ladki-bheegi-bhagi-si-from-kahan-shuru-kahan-khatam-shashwat-singh-ip-singh-a/Ishq%20De%20Shot%20from%20kahan%20Shuru%20Kahan%20Khatam%20-%20Dhvani%20Bhanushali%20Ip%20Singh%20Akshay%20Ip.mp3" length="0" type="audio/mpeg" />
<enclosure url="https://archive.org/download/ek-ladki-bheegi-bhagi-si-from-kahan-shuru-kahan-khatam-shashwat-singh-ip-singh-a/Ek%20Ladki%20Bheegi%20Bhagi%20Si%20from%20kahan%20Shuru%20Kahan%20Khatam%20-%20Shashwat%20Singh%20Ip%20Singh%20Akshay%20Ip%20Kishore%20Kumar%20S%20D%20Burman%20Majrooh%20Sultanpuri.mp3" length="0" type="audio/mpeg" />
<enclosure url="https://archive.org/download/sehra-from-kahan-shuru-kahan-khatam-dhvani-bhanushali-varun-jain-sachin-jigar-kausar-munir/Sehra%20from%20kahan%20Shuru%20Kahan%20Khatam%20-%20Dhvani%20Bhanushali%20Varun%20Jain%20Sachin-jigar%20Kausar%20Munir.mp3" length="0" type="audio/mpeg" />

			</item>
		<item>
		<title>Bhairadevi MP3 Songs Download 2024</title>
		<link>/bhairadevi-mp3-songs-download-2024/</link>
					<comments>/bhairadevi-mp3-songs-download-2024/#respond</comments>
		
		<dc:creator><![CDATA[kannada7999]]></dc:creator>
		<pubDate>Tue, 10 Sep 2024 12:05:54 +0000</pubDate>
				<category><![CDATA[Kannada MP3 Songs]]></category>
		<guid isPermaLink="false">/?p=817</guid>

					<description><![CDATA[Bhairadevi MP3 Songs Download in 320kpbs: 01-Kali Amma BaaMalathi &#38; K.K. Senthil Prasath &#38; Shrijai]]></description>
										<content:encoded><![CDATA[
<h2 class="wp-block-heading has-text-align-center">Bhairadevi MP3 Songs Download in 320kpbs:</h2>



<figure class="wp-block-table">
<table class="has-fixed-layout">
<tbody>
<tr>
<td class="has-text-align-center" data-align="center"><a href="https://archive.org/download/kali-amma-baa-from-bhairadevi-malathi-kk-senthil-prasath-shrijai/Kali%20Amma%20Baa%20from%20bhairadevi%20-%20Malathi%20KK%20Senthil%20Prasath%20Shrijai.mp3" data-type="link" data-id="https://archive.org/download/kali-amma-baa-from-bhairadevi-malathi-kk-senthil-prasath-shrijai/Kali%20Amma%20Baa%20from%20bhairadevi%20-%20Malathi%20KK%20Senthil%20Prasath%20Shrijai.mp3" target="_blank" rel="noopener">01-Kali Amma Baa</a><br />Malathi &amp; K.K. Senthil Prasath &amp; Shrijai</td>
</tr>
</tbody>
</table>
</figure>



<ul class="wp-block-list">
<li>Kali Amma Baa mp3 song download</li>



<li>Kali Amma Baa song download</li>



<li>Kali Amma Baa kannada song download</li>



<li>Kali Amma Baa god song download</li>



<li>Bhairadevi movie song download</li>



<li>Bhairadevi kannada movie song download</li>



<li>Bhairadevi kannada mp3 download</li>



<li>Kali Amma Baa movie songs</li>



<li>Kali Amma Baa movie mp3 songs</li>



<li>Kali Amma Baa 2024 songs download</li>



<li>Kali Amma Baa 2024 mp3 download</li>



<li><a href="/hindi-mp3-songs/">kasongs4u</a></li>


</ul>
]]></content:encoded>
					
					<wfw:commentRss>/bhairadevi-mp3-songs-download-2024/feed/</wfw:commentRss>
			<slash:comments>0</slash:comments>
		
		<enclosure url="https://archive.org/download/kali-amma-baa-from-bhairadevi-malathi-kk-senthil-prasath-shrijai/Kali%20Amma%20Baa%20from%20bhairadevi%20-%20Malathi%20KK%20Senthil%20Prasath%20Shrijai.mp3" length="0" type="audio/mpeg" />

			</item>
		<item>
		<title>Sector 36 2024 Bollywood Hindi Movie MP3 Songs Download</title>
		<link>/sector-36-2024-bollywood-hindi-movie-mp3-songs/</link>
					<comments>/sector-36-2024-bollywood-hindi-movie-mp3-songs/#respond</comments>
		
		<dc:creator><![CDATA[kannada7999]]></dc:creator>
		<pubDate>Tue, 10 Sep 2024 11:47:20 +0000</pubDate>
				<category><![CDATA[Hindi MP3 Songs]]></category>
		<category><![CDATA[Sector 36 mp3]]></category>
		<category><![CDATA[Sector 36 mp3 songs]]></category>
		<category><![CDATA[Sector 36 mp3 songs download pagalworld]]></category>
		<category><![CDATA[Sector 36 mp3 songs free download]]></category>
		<category><![CDATA[Sector 36 songs download]]></category>
		<guid isPermaLink="false">/?p=797</guid>

					<description><![CDATA[Sector 36 2024 Bollywood Hindi Movie MP3 Songs Download 01-DumrooMohit Chauhan &#38; Anupam Amod &#38; Dhunkey]]></description>
										<content:encoded><![CDATA[
<h2 class="wp-block-heading has-text-align-center">Sector 36 2024 Bollywood Hindi Movie MP3 Songs Download</h2>



<figure class="wp-block-table">
<table class="has-fixed-layout">
<tbody>
<tr>
<td class="has-text-align-center" data-align="center"><a href="https://archive.org/download/saathiya-from-yudhra-vishal-mishra-pratibha-singh-baghel-javed-akhtar-shankar-ehsaan-loy-1/Dumroo%20from%20sector%2036%20-%20Mohit%20Chauhan%20Anupam%20Amod%20Dhunkey.mp3" target="_blank" rel="noopener">01-Dumroo</a><br />Mohit Chauhan &amp; Anupam Amod &amp; Dhunkey</td>
</tr>
</tbody>
</table>
</figure>



<ul class="wp-block-list">
<li>Sector 36 mp3 songs download pagalworld</li>



<li>Sector 36 mp3 songs free download</li>



<li>Sector 36 mp3 songs</li>



<li>Sector 36 mp3 download</li>



<li>Sector 36 mp3 songs hindi</li>



<li>Sector 36 bollywood mp3 songs download</li>



<li>Sector 36 bollywood songs download</li>



<li>Sector 36 hindi mp3 download</li>
<li><a href="/hindi-mp3-songs/">Hindi songs</a></li>
</ul>
]]></content:encoded>
					
					<wfw:commentRss>/sector-36-2024-bollywood-hindi-movie-mp3-songs/feed/</wfw:commentRss>
			<slash:comments>0</slash:comments>
		
		<enclosure url="https://archive.org/download/saathiya-from-yudhra-vishal-mishra-pratibha-singh-baghel-javed-akhtar-shankar-ehsaan-loy-1/Dumroo%20from%20sector%2036%20-%20Mohit%20Chauhan%20Anupam%20Amod%20Dhunkey.mp3" length="0" type="audio/mpeg" />

			</item>
		<item>
		<title>Beinteha 2024 MP3 Songs Download</title>
		<link>/beinteha-2024-mp3-songs/</link>
					<comments>/beinteha-2024-mp3-songs/#respond</comments>
		
		<dc:creator><![CDATA[kannada7999]]></dc:creator>
		<pubDate>Tue, 10 Sep 2024 11:46:21 +0000</pubDate>
				<category><![CDATA[Hindi MP3 Songs]]></category>
		<category><![CDATA[Beinteha 2024 MP3 bollywood mp3 songs]]></category>
		<category><![CDATA[Beinteha 2024 MP3 bollywood Songs]]></category>
		<category><![CDATA[Beinteha 2024 MP3 Songs]]></category>
		<category><![CDATA[Beinteha 2024 MP3 Songs download]]></category>
		<category><![CDATA[bollywood songs download]]></category>
		<category><![CDATA[Kahan Shuru Kahan Khatam hindi songs download]]></category>
		<guid isPermaLink="false">/?p=794</guid>

					<description><![CDATA[Download Beinteha 2024 MP3 Songs in 320kpbs: 01-Tere Dar Pe SanamDev Negi &#38; Neeti Mohan &#38; KS Abhishek &#38; Anu [&#8230;]]]></description>
										<content:encoded><![CDATA[
<h2 class="wp-block-heading has-text-align-center">Download Beinteha 2024 MP3 Songs in 320kpbs:</h2>



<figure class="wp-block-table">
<table class="has-fixed-layout">
<tbody>
<tr>
<td class="has-text-align-center" data-align="center"><a href="https://archive.org/download/saathiya-from-yudhra-vishal-mishra-pratibha-singh-baghel-javed-akhtar-shankar-ehsaan-loy-1/Tere%20Dar%20Pe%20Sanam%20from%20beinteha%20-%20Dev%20Negi%20Neeti%20Mohan%20Ks%20Abhishek%20Anu%20Malik%20A-bazz%20Qateel%20Shifai.mp3" target="_blank" rel="noopener">01-Tere Dar Pe Sanam</a><br />Dev Negi &amp; Neeti Mohan &amp; KS Abhishek &amp; Anu Malik &amp; A-Bazz &amp; Qateel Shifai</td>
</tr>
</tbody>
</table>
</figure>



<ul class="wp-block-list">
<li>Beinteha 2024 MP3 Songs</li>



<li>Beinteha 2024 MP3 Songs download</li>



<li>Beinteha 2024 MP3 download</li>



<li>Beinteha 2024 songs download</li>



<li>Beinteha 2024 MP3 Songs free</li>



<li>Beinteha 2024 songs free download</li>



<li>Beinteha 2024 new hindi mp3 songs</li>



<li>Beinteha 2024 hindi new songs download</li>
<li><a href="/hindi-mp3-songs/">Hindi songs download</a></li>
</ul>
]]></content:encoded>
					
					<wfw:commentRss>/beinteha-2024-mp3-songs/feed/</wfw:commentRss>
			<slash:comments>0</slash:comments>
		
		<enclosure url="https://archive.org/download/saathiya-from-yudhra-vishal-mishra-pratibha-singh-baghel-javed-akhtar-shankar-ehsaan-loy-1/Tere%20Dar%20Pe%20Sanam%20from%20beinteha%20-%20Dev%20Negi%20Neeti%20Mohan%20Ks%20Abhishek%20Anu%20Malik%20A-bazz%20Qateel%20Shifai.mp3" length="0" type="audio/mpeg" />

			</item>
		<item>
		<title>Yudhra 2024 MP3 Songs Download</title>
		<link>/yudhra-2024-mp3-songs/</link>
					<comments>/yudhra-2024-mp3-songs/#respond</comments>
		
		<dc:creator><![CDATA[kannada7999]]></dc:creator>
		<pubDate>Tue, 10 Sep 2024 11:44:53 +0000</pubDate>
				<category><![CDATA[Hindi MP3 Songs]]></category>
		<category><![CDATA[Yudhra 2024 MP3 hindi songs]]></category>
		<category><![CDATA[Yudhra 2024 MP3 new songs download]]></category>
		<category><![CDATA[Yudhra 2024 MP3 Songs]]></category>
		<category><![CDATA[Yudhra 2024 MP3 Songs bollywood]]></category>
		<category><![CDATA[Yudhra 2024 MP3 Songs download]]></category>
		<category><![CDATA[Yudhra 2024 MP3 Songs new download]]></category>
		<guid isPermaLink="false">/?p=791</guid>

					<description><![CDATA[Download Yudhra 2024 MP3 Songs in 320kpbs: 01-SaathiyaVishal Mishra &#38; Pratibha Singh Baghel &#38; Javed Akhtar &#38; Shankar-Ehsaan-Loy 02-Sohni LagdiJaz [&#8230;]]]></description>
										<content:encoded><![CDATA[
<h2 class="wp-block-heading has-text-align-center">Download Yudhra 2024 MP3 Songs in 320kpbs:</h2>



<figure class="wp-block-table">
<table class="has-fixed-layout">
<tbody>
<tr>
<td class="has-text-align-center" data-align="center"><a href="https://archive.org/download/saathiya-from-yudhra-vishal-mishra-pratibha-singh-baghel-javed-akhtar-shankar-ehsaan-loy-1/Saathiya%20-%20From%20yudhra%20-%20Vishal%20Mishra%20Pratibha%20Singh%20Baghel%20Javed%20Akhtar%20Shankar-Ehsaan-Loy%20%281%29.mp3" target="_blank" rel="noopener">01-Saathiya</a><br />Vishal Mishra &amp; Pratibha Singh Baghel &amp; Javed Akhtar &amp; Shankar-Ehsaan-Loy</td>
</tr>
<tr>
<td class="has-text-align-center" data-align="center"><a href="https://archive.org/download/saathiya-from-yudhra-vishal-mishra-pratibha-singh-baghel-javed-akhtar-shankar-ehsaan-loy-1/Sohni%20Lagdi%20-%20From%20yudhra%20-%20Jaz%20Dhami%20Sonna%20Prem%20Hardeep.mp3" target="_blank" rel="noopener">02-Sohni Lagdi</a><br />Jaz Dhami &amp; Sonna &amp; Prem &amp; Hardeep</td>
</tr>
</tbody>
</table>
</figure>



<ul class="wp-block-list">
<li>Yudhra mp3 songs</li>



<li>Yudhra mp3 songs download,</li>



<li>Yudhra mp3 download</li>



<li>Yudhra bollywood songs</li>



<li>Yudhra movie songs download</li>



<li>Yudhra hindi movie songs download</li>



<li>Yudhra bollywood mp3 songs</li>



<li>Yudhra 2024 songs download</li>



<li>Yudhra songs download free</li>



<li><a href="/hindi-mp3-songs/">new hindi songs</a></li>



<li>bollywood new songs</li>
</ul>
]]></content:encoded>
					
					<wfw:commentRss>/yudhra-2024-mp3-songs/feed/</wfw:commentRss>
			<slash:comments>0</slash:comments>
		
		<enclosure url="https://archive.org/download/saathiya-from-yudhra-vishal-mishra-pratibha-singh-baghel-javed-akhtar-shankar-ehsaan-loy-1/Saathiya%20-%20From%20yudhra%20-%20Vishal%20Mishra%20Pratibha%20Singh%20Baghel%20Javed%20Akhtar%20Shankar-Ehsaan-Loy%20%281%29.mp3" length="0" type="audio/mpeg" />
<enclosure url="https://archive.org/download/saathiya-from-yudhra-vishal-mishra-pratibha-singh-baghel-javed-akhtar-shankar-ehsaan-loy-1/Sohni%20Lagdi%20-%20From%20yudhra%20-%20Jaz%20Dhami%20Sonna%20Prem%20Hardeep.mp3" length="0" type="audio/mpeg" />

			</item>
		<item>
		<title>Jigra 2024 MP3 Songs Download</title>
		<link>/jigra-2024-mp3-songs-download/</link>
					<comments>/jigra-2024-mp3-songs-download/#respond</comments>
		
		<dc:creator><![CDATA[kannada7999]]></dc:creator>
		<pubDate>Tue, 10 Sep 2024 08:36:58 +0000</pubDate>
				<category><![CDATA[Hindi MP3 Songs]]></category>
		<category><![CDATA[Hindi songs download]]></category>
		<category><![CDATA[Jigra 2024 MP3 Songs Download]]></category>
		<category><![CDATA[Jigra 2024 mp3 songs download hindi]]></category>
		<category><![CDATA[Jigra 2024 mp3 songs download ringtone]]></category>
		<guid isPermaLink="false">/?p=799</guid>

					<description><![CDATA[Jigra 2024 MP3 Songs Download in 320kpbs: 01-Phoolon Ka Taaro Ka Vedang Raina &#38; Achint &#38; Varun Grover &#38; R. [&#8230;]]]></description>
										<content:encoded><![CDATA[
<h2 class="wp-block-heading has-text-align-center">Jigra 2024 MP3 Songs Download in 320kpbs:</h2>



<figure class="wp-block-table"><table class="has-fixed-layout"><tbody><tr><td class="has-text-align-center" data-align="center"><p>01-Phoolon Ka Taaro Ka</p><span style="font-size: revert; font-family: inherit; font-weight: inherit; color: var(--ast-global-color-3); background-color: var(--ast-global-color-5);">Vedang Raina &amp; Achint &amp; Varun Grover &amp; R. D. Burman &amp; Anand Bakshi</span></td></tr></tbody></table></figure>



<ul class="wp-block-list">
<li>Jigra 2024 MP3 Songs Download</li>



<li>Jigra 2024 MP3 Songs</li>



<li>Jigra 2024 mp3 songs download hindi</li>



<li>Jigra 2024 mp3 songs download ringtone</li>



<li>Jigra 2024 mp3</li>
</ul>
]]></content:encoded>
					
					<wfw:commentRss>/jigra-2024-mp3-songs-download/feed/</wfw:commentRss>
			<slash:comments>0</slash:comments>
		
		
			</item>
		<item>
		<title>A Day In Dollarspete MP3 Songs Download 2024</title>
		<link>/a-day-in-dollarspete-mp3-songs-download/</link>
					<comments>/a-day-in-dollarspete-mp3-songs-download/#respond</comments>
		
		<dc:creator><![CDATA[kannada7999]]></dc:creator>
		<pubDate>Mon, 09 Sep 2024 18:16:42 +0000</pubDate>
				<category><![CDATA[Kannada MP3 Songs]]></category>
		<category><![CDATA[A Day In Dollarspete 2024 songs]]></category>
		<category><![CDATA[A Day In Dollarspete 2024 songs download]]></category>
		<category><![CDATA[A Day In Dollarspete kannada songs]]></category>
		<category><![CDATA[A Day In Dollarspete kannada songs download]]></category>
		<category><![CDATA[A Day In Dollarspete mp3 songs]]></category>
		<category><![CDATA[A Day In Dollarspete mp3 songs download]]></category>
		<category><![CDATA[A Day In Dollarspete songs download]]></category>
		<category><![CDATA[kannada songs download]]></category>
		<category><![CDATA[kasongs4u]]></category>
		<guid isPermaLink="false">/?p=786</guid>

					<description><![CDATA[Download A Day In Dollarspete MP3 Songs in 320kpbs: 01-Baby Paisa Lootu HaiUsha Uthup &#38; Suraj Jois &#38; Sanjay Malavalli [&#8230;]]]></description>
										<content:encoded><![CDATA[
<h2 class="wp-block-heading has-text-align-center">Download A Day In Dollarspete MP3 Songs in 320kpbs:</h2>



<figure class="wp-block-table">
<table class="has-fixed-layout">
<tbody>
<tr>
<td class="has-text-align-center" data-align="center"><a href="https://archive.org/download/baby-paisa-lootu-hai-from-a-day-in-dollarspete-usha-uthup-suraj-jois-sanjay-malavalli/Baby%20Paisa%20Lootu%20Hai%20from%20a%20Day%20In%20Dollarspete%20-%20Usha%20Uthup%20Suraj%20Jois%20Sanjay%20Malavalli.mp3" target="_blank" rel="noopener">01-Baby Paisa Lootu Hai</a><br />Usha Uthup &amp; Suraj Jois &amp; Sanjay Malavalli</td>
</tr>
<tr>
<td class="has-text-align-center" data-align="center"><a href="https://archive.org/download/baby-paisa-lootu-hai-from-a-day-in-dollarspete-usha-uthup-suraj-jois-sanjay-malavalli/Rage%20Of%20Dollarspete%20from%20a%20Day%20In%20Dollarspete%20-%20Suraj%20Jois%20Vinitha%20V%20Banavar.mp3" target="_blank" rel="noopener">02-Rage Of Dollarspete</a><br />Suraj Jois &amp; Vinitha V Banavar</td>
</tr>
<tr>
<td class="has-text-align-center" data-align="center"><a href="https://archive.org/download/baby-paisa-lootu-hai-from-a-day-in-dollarspete-usha-uthup-suraj-jois-sanjay-malavalli/Daari%20Nooraaru%20from%20a%20Day%20In%20Dollarspete%20-%20Suraj%20Jois%20Anuram.mp3" target="_blank" rel="noopener">03-Daari Nooraaru</a><br />Suraj Jois &amp; Anuram</td>
</tr>
</tbody>
</table>
<figcaption class="wp-element-caption">Search Terms:</figcaption>
</figure>



<ul class="wp-block-list">
<li>A Day In DOLLARSPETE mp3 songs download</li>



<li>A Day In Dollarspete mp3 songs</li>



<li>A Day In Dollarspete kannada songs download</li>



<li>A Day In Dollarspete kannada mp3 download</li>



<li>A Day In Dollarspete kannada mpvie songs download</li>



<li>A Day In Dollarspete 2024 songs download</li>



<li>A Day In Dollarspete 2024 mp3 download</li>



<li>A Day In Dollarspete kannada 2024 movie</li>



<li>A Day In Dollarspete fil song download</li>



<li>Kannada songs download</li>



<li><a href="/">kasongs4u</a></li>
</ul>
]]></content:encoded>
					
					<wfw:commentRss>/a-day-in-dollarspete-mp3-songs-download/feed/</wfw:commentRss>
			<slash:comments>0</slash:comments>
		
		<enclosure url="https://archive.org/download/baby-paisa-lootu-hai-from-a-day-in-dollarspete-usha-uthup-suraj-jois-sanjay-malavalli/Baby%20Paisa%20Lootu%20Hai%20from%20a%20Day%20In%20Dollarspete%20-%20Usha%20Uthup%20Suraj%20Jois%20Sanjay%20Malavalli.mp3" length="0" type="audio/mpeg" />
<enclosure url="https://archive.org/download/baby-paisa-lootu-hai-from-a-day-in-dollarspete-usha-uthup-suraj-jois-sanjay-malavalli/Rage%20Of%20Dollarspete%20from%20a%20Day%20In%20Dollarspete%20-%20Suraj%20Jois%20Vinitha%20V%20Banavar.mp3" length="0" type="audio/mpeg" />
<enclosure url="https://archive.org/download/baby-paisa-lootu-hai-from-a-day-in-dollarspete-usha-uthup-suraj-jois-sanjay-malavalli/Daari%20Nooraaru%20from%20a%20Day%20In%20Dollarspete%20-%20Suraj%20Jois%20Anuram.mp3" length="0" type="audio/mpeg" />

			</item>
	</channel>
</rss>
